證券代號,證券名稱,成交股數,成交筆數,成交金額,開盤價,最高價,最低價,收盤價,漲跌價差,最後揭示買價,最後揭示買量,最後揭示賣價,最後揭示賣量,本益比,漲跌幅
1101,台泥,7417903,4634,242932133,32.8,32.85,32.65,32.8,0.0,32.75,361,32.80,1,34.89,0.0
1101B,台泥乙特,8181,11,383718,46.9,46.9,46.9,46.9,0.0,46.80,3,46.95,5,0.0,0.0
1102,亞泥,4570082,3705,202004606,44.8,44.8,43.9,44.25,-0.45,44.25,1,44.30,18,14.0,-0.01
1103,嘉泥,255819,223,4572605,17.85,17.95,17.75,17.95,0.0,17.75,17,17.95,6,119.67,0.0
1104,環泥,658035,677,20213133,30.8,30.85,30.45,30.75,0.35,30.65,9,30.75,10,10.12,0.01
1108,幸福,516807,183,8362066,16.1,16.25,16.1,16.25,0.15,16.20,99,16.25,9,13.1,0.01
1109,信大,117555,110,2150248,18.2,18.35,18.2,18.35,0.0,18.30,1,18.35,33,9.66,0.0
1110,東泥,453877,273,10404534,22.8,23.25,22.6,23.05,0.25,22.90,6,23.05,9,96.04,0.01
1201,味全,863495,493,15546969,18.05,18.05,17.9,18.05,0.05,18.00,14,18.05,11,26.94,0.0
1203,味王,32033,53,1715746,54.1,54.1,52.7,53.9,1.2,53.90,2,54.00,5,24.17,0.02
1210,大成,867950,880,45246571,52.3,52.5,51.9,52.1,0.2,52.00,5,52.10,10,11.4,0.0
1213,大飲,132842,87,1639102,12.25,12.5,12.0,12.45,0.15,12.40,1,12.45,2,0.0,0.01
1215,卜蜂,238563,345,23543483,98.4,99.0,98.3,98.6,0.5,98.50,2,98.60,3,14.59,0.01
1216,統一,6951027,4238,564959057,81.1,81.7,80.8,81.7,1.1,81.50,57,81.70,169,24.98,0.01
1217,愛之味,874827,480,10435868,12.0,12.0,11.9,11.95,0.0,11.90,15,11.95,54,18.97,0.0
1218,泰山,759262,647,15849904,21.1,21.1,20.7,20.8,-0.3,20.80,5,20.85,8,13.87,-0.01
1219,福壽,212042,142,3655464,17.2,17.3,17.15,17.25,0.05,17.20,7,17.25,16,20.29,0.0
1220,台榮,1212688,635,20124922,16.25,16.85,16.2,16.75,0.5,16.75,28,16.80,55,12.79,0.03
1225,福懋油,122116,152,19436806,158.5,163.0,156.5,163.0,1.5,162.00,1,163.00,3,79.51,0.01
1227,佳格,353123,346,13511820,38.4,38.45,38.15,38.45,0.3,38.25,3,38.45,14,22.49,0.01
1229,聯華,665850,854,41037367,61.9,61.9,61.3,61.8,0.3,61.40,5,61.80,15,22.72,0.0
1231,聯華食,266377,694,28447267,109.5,109.5,106.0,107.5,-1.0,106.50,2,107.50,19,23.17,-0.01
1232,大統益,47502,100,6927435,145.5,146.0,145.5,146.0,0.5,145.50,1,146.00,8,17.87,0.0
1233,天仁,13102,18,422018,32.1,32.3,32.1,32.3,0.2,32.20,1,32.30,5,33.3,0.01
1234,黑松,120107,93,5085822,42.3,42.5,42.2,42.45,0.2,42.30,2,42.45,8,17.4,0.0
1235,興泰,28940,92,3731362,129.5,130.5,124.5,130.5,4.5,130.50,2,131.00,1,27.53,0.04
1236,宏亞,23950,87,574372,24.0,24.1,23.8,24.1,0.1,23.85,2,24.10,1,185.38,0.0
1256,鮮活果汁-KY,29751,101,4672967,157.0,159.0,154.5,157.0,1.0,157.00,1,160.00,1,12.65,0.01
1301,台塑,8561490,4951,444203934,51.7,52.2,51.3,52.0,0.3,52.00,18,52.10,292,61.9,0.01
1303,南亞,7872075,4502,361981879,45.55,46.35,45.5,46.0,0.15,46.00,13,46.05,37,48.94,0.0
1304,台聚,2342020,1244,34105311,14.5,14.7,14.45,14.6,-0.05,14.55,40,14.60,34,0.0,-0.0
1305,華夏,819157,570,13760165,16.75,16.95,16.7,16.85,0.05,16.80,10,16.85,6,56.17,0.0
1307,三芳,1137380,563,36917051,32.6,32.75,32.15,32.2,-0.35,32.20,14,32.25,10,11.38,-0.01
1308,亞聚,744496,573,13082947,17.65,17.75,17.4,17.55,0.0,17.50,9,17.55,18,0.0,0.0
1309,台達化,1475246,488,25357828,17.15,17.4,17.0,17.25,0.1,17.25,3,17.30,36,0.0,0.01
1310,台苯,423906,439,5505105,13.0,13.1,12.85,13.05,0.05,13.00,10,13.05,29,0.0,0.0
1312,國喬,2794112,1069,36965911,13.2,13.35,13.1,13.25,0.05,13.25,13,13.30,81,0.0,0.0
1312A,國喬特,1000,1,23450,23.45,23.45,23.45,23.45,0.0,23.40,5,23.50,3,0.0,0.0
1313,聯成,881163,619,10458023,11.75,12.0,11.7,11.9,0.15,11.85,16,11.90,6,0.0,0.01
1314,中石化,14030460,3874,137868909,9.76,9.92,9.7,9.85,0.09,9.84,86,9.85,96,30.78,0.01
1315,達新,18935,56,1374217,72.6,72.7,72.5,72.7,0.3,72.40,1,72.70,2,38.06,0.0
1316,上曜,11434013,4640,239004737,21.0,21.45,20.3,20.75,-0.25,20.75,105,20.80,4,0.0,-0.01
1319,東陽,2382968,2369,219995871,93.6,93.6,91.6,91.6,-2.1,91.60,41,91.70,22,13.61,-0.02
1321,大洋,1941950,1225,77490842,40.95,40.95,39.4,39.95,-0.75,39.90,9,39.95,4,38.05,-0.02
1323,永裕,62228,45,1848674,29.7,29.75,29.7,29.75,0.05,29.70,1,29.75,14,30.67,0.0
1324,地球,33656,59,437469,13.05,13.1,12.9,13.0,0.0,12.95,22,13.00,2,38.24,0.0
1325,恆大,247997,194,7125736,28.85,29.25,28.45,28.65,-0.35,28.65,8,28.70,3,318.33,-0.01
1326,台化,8372039,4320,367288040,43.8,44.1,43.65,43.95,-0.05,43.95,65,44.00,"1,823",23.38,-0.0
1337,再生-KY,409378,256,2886192,7.03,7.1,6.98,7.02,0.03,7.01,18,7.02,4,0.0,0.0
1338,廣華-KY,203409,178,6820077,33.15,33.75,33.15,33.55,0.0,33.50,1,33.55,7,0.0,0.0
1339,昭輝,295244,335,17181453,58.5,58.8,57.8,57.9,0.0,57.90,7,58.20,2,9.06,0.0
1340,勝悅-KY,145434,313,1445924,10.0,10.0,9.91,9.92,-0.04,9.92,2,9.94,1,0.0,-0.0
1341,富林-KY,7000,6,466600,66.8,66.8,66.6,66.6,0.6,66.50,1,66.90,1,14.64,0.01
1342,八貫,53488,117,4943110,92.2,92.7,92.0,92.6,0.1,92.30,1,92.60,2,12.06,0.0
1402,遠東新,4802867,3564,176337323,37.15,37.15,36.35,36.8,-0.3,36.75,3,36.80,95,20.67,-0.01
1409,新纖,14391513,4497,236050122,16.7,16.85,16.1,16.45,-0.5,16.45,116,16.50,133,20.06,-0.03
1410,南染,45000,23,1695800,37.3,38.0,37.3,37.9,0.0,37.70,1,37.90,1,102.43,0.0
1413,宏洲,74298,51,706923,9.41,9.56,9.41,9.55,0.14,9.55,3,9.59,4,0.0,0.01
1414,東和,817740,474,17966114,22.0,22.25,21.8,21.95,-0.05,21.85,6,21.95,8,81.3,-0.0
1416,廣豐,1006069,477,12714663,12.7,12.8,12.5,12.65,-0.05,12.60,13,12.65,8,13.46,-0.0
1417,嘉裕,214391,364,2367500,11.1,11.1,10.95,11.1,-0.25,10.95,20,11.10,6,0.0,-0.02
1418,東華,71122,58,2415580,34.5,34.5,33.4,33.55,-0.6,33.50,2,33.90,1,55.0,-0.02
1419,新紡,84001,60,4070598,48.25,48.5,48.25,48.5,0.05,48.35,1,48.50,6,20.91,0.0
1423,利華,45094,689,1995191,44.45,44.45,44.1,44.45,0.2,44.35,2,44.45,8,62.61,0.0
1432,大魯閣,109100,170,1939119,18.0,18.0,17.65,17.9,-0.2,17.75,8,17.90,9,77.83,-0.01
1434,福懋,608551,597,13046044,21.45,21.6,21.3,21.6,0.2,21.55,5,21.60,22,113.68,0.01
1435,中福,4271,65,201019,46.55,48.0,46.55,47.0,-1.25,48.20,4,48.95,7,0.0,-0.03
1436,華友聯,1117383,1028,188770792,174.5,174.5,163.5,171.0,-4.5,171.00,9,172.00,4,11.12,-0.03
1437,勤益控,94499,159,3387310,35.6,36.05,35.55,36.05,0.4,35.90,3,36.05,1,10.48,0.01
1438,三地開發,793465,813,65316944,83.7,84.8,79.4,83.6,-1.5,83.50,1,83.60,2,0.0,-0.02
1439,雋揚,104372,91,3525756,33.5,34.5,33.2,34.5,1.0,34.00,3,34.50,6,21.97,0.03
1440,南紡,1101965,676,18023257,16.5,16.55,16.2,16.3,-0.05,16.25,27,16.30,161,10.87,-0.0
1441,大東,130561,234,2249380,17.4,17.5,17.0,17.15,-0.4,17.00,9,17.20,3,190.56,-0.02
1442,名軒,2305555,1707,152119567,66.3,67.0,65.2,65.6,-1.7,65.50,5,65.60,14,8.29,-0.03
1443,立益物流,818676,436,28669537,32.15,35.5,32.15,35.5,3.2,35.50,32,--,0,17.84,0.1
1444,力麗,1091607,510,10342347,9.5,9.52,9.43,9.48,0.07,9.45,7,9.48,6,45.14,0.01
1445,大宇,239673,185,4370696,17.9,18.45,17.9,18.45,0.35,18.35,2,18.45,13,2.45,0.02
1446,宏和,1658829,1126,80033219,48.95,49.1,47.0,48.4,-1.1,48.35,1,48.40,7,9.45,-0.02
1447,力鵬,1853306,851,16854780,9.12,9.16,9.05,9.1,0.0,9.10,52,9.11,6,0.0,0.0
1449,佳和,2003308,1061,40097317,20.3,20.3,19.6,19.8,-0.3,19.80,39,19.85,11,17.22,-0.01
1451,年興,124582,118,2486465,20.15,20.15,19.85,20.05,-0.05,19.95,2,20.05,6,0.0,-0.0
1452,宏益,221055,97,3736898,16.85,16.95,16.85,16.95,0.1,16.85,35,16.95,17,21.73,0.01
1453,大將,352972,308,7903125,22.65,22.7,22.1,22.5,-0.25,22.50,11,22.55,1,31.25,-0.01
1454,台富,636670,226,12278637,19.4,19.75,19.1,19.15,-0.2,19.15,1,19.20,1,73.65,-0.01
1455,集盛,411130,289,4705356,11.45,11.55,11.35,11.4,-0.05,11.40,95,11.45,3,71.25,-0.0
1456,怡華,315623,222,7157077,23.15,23.15,22.3,22.8,-0.25,22.75,6,22.80,14,0.0,-0.01
1457,宜進,322711,164,6778024,20.95,21.15,20.75,21.15,0.25,21.05,1,21.15,15,7.27,0.01
1459,聯發,80960,69,847685,10.45,10.55,10.35,10.55,0.1,10.35,11,10.55,2,31.03,0.01
1460,宏遠,584362,177,4224992,7.25,7.28,7.19,7.23,-0.01,7.23,7,7.24,3,0.0,-0.0
1463,強盛,302482,169,7921220,25.95,26.45,25.95,26.3,0.1,26.20,4,26.35,20,51.57,0.0
1464,得力,270547,207,3646343,13.6,13.6,13.35,13.5,0.05,13.40,10,13.50,4,27.55,0.0
1465,偉全,204137,115,3052547,14.9,15.1,14.85,15.1,0.15,14.95,5,15.10,17,20.13,0.01
1466,聚隆,147341,89,1792019,12.35,12.35,12.0,12.25,-0.05,12.15,2,12.25,1,0.0,-0.0
1467,南緯,212902,205,2249426,10.55,10.6,10.5,10.6,0.0,10.55,1,10.60,19,53.0,0.0
1468,昶和,44002,35,643728,14.55,14.75,14.5,14.7,0.05,14.50,2,14.70,9,19.34,0.0
1470,大統新創,419854,259,9955407,21.8,23.9,21.8,23.9,2.15,23.90,41,--,0,34.14,0.1
1471,首利,392475,248,5549987,14.75,14.75,13.9,13.95,0.1,13.95,15,14.00,1,697.5,0.01
1472,三洋實業,27142,30,1539368,56.7,57.0,56.3,57.0,0.5,56.60,1,57.00,9,14.18,0.01
1473,台南,547998,557,20270939,37.15,37.75,36.5,36.55,-0.45,36.50,15,36.60,5,11.28,-0.01
1474,弘裕,292200,204,3714019,12.75,12.8,12.65,12.7,0.0,12.65,54,12.70,14,16.28,0.0
1475,業旺,90426,77,5585186,61.2,62.1,61.2,61.4,-0.1,61.40,2,61.50,2,10.41,-0.0
1476,儒鴻,1253789,1313,665819921,524.0,538.0,521.0,534.0,17.0,534.00,2,535.00,17,23.96,0.03
1477,聚陽,1250091,1294,491556703,383.0,398.0,383.0,390.5,4.0,390.50,3,391.00,3,22.4,0.01
1503,士電,7525983,10515,1717515963,223.0,235.5,221.5,226.5,4.0,226.00,94,226.50,4,41.48,0.02
1504,東元,5054167,3362,243963715,47.95,48.75,47.65,48.35,0.15,48.10,13,48.35,5,20.93,0.0
1506,正道,167794,100,2567660,15.35,15.45,15.25,15.45,0.05,15.20,36,15.45,11,77.25,0.0
1512,瑞利,123805,63,866920,7.1,7.22,6.87,6.91,-0.2,7.10,1,7.21,3,0.0,-0.03
1513,中興電,23192410,17810,4181363247,177.5,185.0,175.5,179.0,2.0,179.00,185,179.50,72,26.21,0.01
1514,亞力,24823376,17255,3396406275,131.0,141.0,129.5,138.5,8.0,138.50,129,139.00,90,41.22,0.06
1515,力山,279769,250,10371706,37.5,37.5,36.8,37.0,-0.1,37.00,32,37.05,1,9.39,-0.0
1516,川飛,113187,143,2355336,20.5,21.1,20.5,20.75,-0.05,20.70,27,20.75,1,25.0,-0.0
1517,利奇,138420,145,2217553,16.05,16.1,15.95,16.05,0.1,15.95,30,16.05,1,0.0,0.01
1519,華城,8717164,10294,6175997317,693.0,729.0,686.0,704.0,10.0,704.00,11,705.00,90,55.35,0.01
1521,大億,20224,21,768167,38.15,38.15,37.8,38.1,0.05,37.90,4,38.10,2,40.11,0.0
1522,堤維西,2420469,1808,165742941,67.8,69.4,67.4,68.2,0.4,68.20,71,68.30,6,12.82,0.01
1522A,堤維西甲特,0,0,0,,,,,0.0,45.40,6,45.50,1,0.0,
1524,耿鼎,567682,533,17032236,30.2,30.4,29.85,29.85,-0.3,29.85,39,29.90,10,9.85,-0.01
1525,江申,14150,18,973233,68.5,69.0,68.5,69.0,0.4,68.60,1,69.00,6,18.6,0.01
1526,日馳,14005,65,399471,28.45,28.7,28.45,28.5,0.1,28.35,5,28.55,1,0.0,0.0
1527,鑽全,1031640,898,47568612,46.25,46.5,45.6,46.0,-0.25,46.00,3,46.10,2,13.37,-0.01
1528,恩德,847499,463,11596234,13.85,13.95,13.45,13.55,-0.25,13.55,11,13.60,23,0.0,-0.02
1529,樂事綠能,1809796,1464,58020876,31.8,32.6,31.4,31.8,0.1,31.80,32,31.85,1,159.0,0.0
1530,亞崴,142014,218,4263941,29.9,30.25,29.9,30.25,0.3,30.00,4,30.25,5,12.35,0.01
1531,高林股,225780,133,3161926,13.95,14.15,13.95,14.1,0.1,14.00,2,14.10,3,28.2,0.01
1532,勤美,2275044,1619,92350472,40.85,40.95,40.25,40.35,-0.7,40.35,20,40.40,4,7.7,-0.02
1533,車王電,110766,116,4397927,39.6,40.3,39.3,39.85,0.15,39.50,1,39.85,3,0.0,0.0
1535,中宇,63723,118,3932726,61.8,62.0,61.5,61.8,0.0,61.80,1,61.90,1,14.24,0.0
1536,和大,5543483,4182,367494242,67.3,67.6,65.1,65.5,-2.0,65.50,15,65.60,1,112.93,-0.03
1537,廣隆,1373452,1047,191540687,139.0,140.5,139.0,139.0,0.0,139.00,82,139.50,1,14.32,0.0
1538,正峰,15643,12,282069,18.15,18.15,17.55,18.05,-0.1,18.05,1,18.35,1,0.0,-0.01
1539,巨庭,90447,81,2207930,24.55,24.55,24.35,24.35,-0.15,24.35,1,24.40,3,14.67,-0.01
1540,喬福,1727197,1425,65955410,38.2,39.0,37.7,37.7,-0.8,37.70,86,37.75,7,18.04,-0.02
1541,錩泰,14130,15,443531,31.65,31.65,31.2,31.5,-0.15,31.30,1,31.50,3,12.26,-0.0
1558,伸興,80398,151,8615418,107.0,107.5,106.5,107.5,0.5,107.00,2,107.50,12,19.03,0.0
1560,中砂,1805271,2193,607276022,338.0,343.0,333.0,336.0,-4.5,336.00,7,336.50,2,50.68,-0.01
1563,巧新,257594,242,16901088,65.6,66.1,65.3,65.8,0.0,65.60,6,65.80,1,21.72,0.0
1568,倉佑,266768,236,7219055,27.1,27.45,26.85,27.1,-0.05,27.05,3,27.15,3,9.34,-0.0
1582,信錦,2795030,2166,309010234,109.0,112.5,108.0,110.0,1.0,109.50,88,110.00,13,15.6,0.01
1583,程泰,25275,32,1575360,63.0,63.0,61.8,62.9,0.7,62.40,1,62.90,4,10.21,0.01
1587,吉茂,610553,470,31670029,53.0,53.0,51.1,51.3,-1.7,51.30,3,51.50,1,0.0,-0.03
1589,永冠-KY,153421,329,6216104,40.3,41.0,40.25,40.8,0.2,40.35,3,40.80,1,0.0,0.0
1590,亞德客-KY,790066,1177,687399799,885.0,888.0,857.0,864.0,4.0,862.00,3,864.00,12,24.09,0.0
1597,直得,5333061,5275,553932140,102.5,107.0,101.0,101.0,-1.0,101.00,185,102.00,16,123.17,-0.01
1598,岱宇,66632,83,1832823,27.35,27.75,27.35,27.75,0.15,27.40,19,27.85,3,0.0,0.01
1603,華電,626686,535,26525042,42.35,43.0,41.9,41.9,-0.55,41.90,15,41.95,1,13.74,-0.01
1604,聲寶,180127,157,5083798,28.25,28.25,28.15,28.25,0.15,28.15,17,28.25,46,13.26,0.01
1605,華新,5616146,3611,189878062,33.6,34.1,33.55,33.75,0.0,33.70,8,33.75,17,26.57,0.0
1608,華榮,3814842,2390,135778242,35.25,36.1,35.05,35.5,0.3,35.50,48,35.55,2,17.32,0.01
1609,大亞,23886961,16702,1343432839,56.2,57.2,55.4,55.6,-0.7,55.50,196,55.60,25,24.71,-0.01
1611,中電,2066987,1152,38756001,18.8,19.05,18.55,18.6,-0.2,18.60,62,18.65,13,33.82,-0.01
1612,宏泰,1120004,784,40888218,36.5,36.8,36.25,36.5,0.2,36.45,3,36.50,19,15.08,0.01
1614,三洋電,174282,140,6928007,40.25,40.25,39.5,39.9,-0.2,39.55,1,39.90,14,51.82,-0.0
1615,大山,432305,420,31261669,72.5,72.7,71.6,72.5,0.6,72.40,1,72.50,3,17.34,0.01
1616,億泰,1217287,741,25740410,20.9,21.5,20.65,21.1,0.2,21.10,5,21.15,13,24.53,0.01
1617,榮星,1070293,743,25529988,23.8,24.45,23.25,23.45,-0.3,23.40,4,23.45,10,123.42,-0.01
1618,合機,3269907,2770,163214041,49.3,50.8,49.0,49.65,0.25,49.65,21,49.70,7,17.3,0.01
1626,艾美特-KY,83460,222,1308716,15.7,15.75,15.55,15.75,-0.1,15.75,2,15.80,1,0.0,-0.01
1702,南僑,1949280,1623,106831166,55.1,55.5,54.2,54.5,-0.9,54.50,15,54.60,96,10.42,-0.02
1707,葡萄王,260932,374,36714603,140.0,141.5,140.0,140.5,1.0,140.00,19,140.50,1,14.65,0.01
1708,東鹼,4285374,2674,166598250,38.9,39.4,38.25,38.8,0.15,38.80,26,38.85,10,13.96,0.0
1709,和益,1949640,1086,45990885,23.3,23.85,23.25,23.55,0.35,23.50,33,23.60,23,17.07,0.02
1710,東聯,447149,254,7718142,17.4,17.4,17.1,17.3,0.1,17.25,4,17.30,10,0.0,0.01
1711,永光,14137512,7144,303813263,21.0,22.0,20.55,21.5,1.05,21.45,21,21.50,131,61.43,0.05
1712,興農,505903,503,21409540,42.45,42.6,42.15,42.2,-0.1,42.15,12,42.20,3,17.37,-0.0
1713,國化,149534,158,8597562,57.4,58.0,57.0,58.0,0.5,57.60,4,58.00,1,15.38,0.01
1714,和桐,1503994,840,13405130,8.85,8.97,8.84,8.9,0.05,8.90,12,8.91,2,16.18,0.01
1717,長興,884160,579,26033971,29.15,29.6,29.15,29.5,0.25,29.45,7,29.50,38,18.32,0.01
1718,中纖,4876343,1771,39669632,8.11,8.21,8.08,8.15,-0.01,8.13,1,8.15,9,0.0,-0.0
1720,生達,473805,537,31496995,66.6,66.8,66.2,66.6,0.3,66.50,2,66.60,1,13.93,0.0
1721,三晃,2842891,1394,44222209,15.05,15.8,14.9,15.6,0.5,15.55,12,15.60,1,0.0,0.03
1722,台肥,1909075,1191,120686730,62.7,63.5,62.5,63.3,0.7,63.20,6,63.30,22,39.07,0.01
1723,中碳,526013,546,51948782,98.1,99.1,98.1,99.0,0.9,98.80,2,99.00,5,18.37,0.01
1725,元禎,197156,248,8361904,42.6,43.0,41.7,42.45,-0.15,42.45,5,42.50,11,30.99,-0.0
1726,永記,22153,30,1745697,78.5,79.1,78.2,79.1,0.9,78.20,2,79.10,1,14.87,0.01
1727,中華化,540291,432,15777278,29.0,29.7,28.0,29.25,0.15,29.20,8,29.25,1,146.25,0.01
1730,花仙子,21643,45,1165304,53.8,54.0,53.7,54.0,0.2,53.70,13,54.00,2,15.47,0.0
1731,美吾華,88607,98,2031663,22.85,23.0,22.85,22.95,0.1,22.90,14,22.95,2,17.65,0.0
1732,毛寶,271011,226,7950138,29.2,29.75,29.0,29.0,-0.2,29.00,15,29.15,2,241.67,-0.01
1733,五鼎,78390,80,2318222,29.4,29.8,29.4,29.75,0.1,29.50,33,29.80,2,27.29,0.0
1734,杏輝,235675,210,8658890,36.85,36.85,36.65,36.7,0.0,36.70,28,36.75,10,17.07,0.0
1735,日勝化,25301,27,456168,17.95,18.1,17.95,18.0,0.0,17.90,1,18.00,2,16.98,0.0
1736,喬山,1654601,1890,203725630,122.5,127.0,120.5,121.5,-1.0,121.50,7,122.00,3,31.23,-0.01
1737,臺鹽,422064,334,14090267,33.35,33.5,33.3,33.45,0.15,33.40,2,33.45,7,18.69,0.0
1752,南光,437186,400,20391507,46.1,47.1,46.1,46.65,1.05,46.65,1,46.75,1,42.41,0.02
1760,寶齡富錦,100185,132,9450744,94.9,94.9,94.0,94.0,-0.2,94.00,13,94.30,1,79.66,-0.0
1762,中化生,151227,307,6741604,44.8,44.85,44.3,44.6,0.0,44.50,2,44.60,2,29.34,0.0
1773,勝一,419833,453,61662369,147.5,150.5,145.0,146.5,-1.0,145.50,11,146.50,1,22.03,-0.01
1776,展宇,15010,13,263925,17.6,17.65,17.5,17.65,0.15,17.50,1,17.65,8,21.79,0.01
1783,和康生,382903,271,17109255,44.35,45.2,43.75,45.1,1.05,44.90,3,45.10,4,27.33,0.02
1786,科妍,4452656,3559,614116274,136.5,140.5,135.0,136.5,0.0,136.00,31,136.50,23,43.61,0.0
1789,神隆,390031,382,9886805,25.4,25.5,25.25,25.35,0.0,25.25,18,25.35,10,49.71,0.0
1795,美時,2300369,9400,652294938,284.5,287.0,280.0,281.5,-3.0,281.00,24,281.50,2,18.59,-0.01
1802,台玻,3208313,1802,51240625,16.05,16.1,15.9,16.0,0.1,16.00,74,16.05,83,100.0,0.01
1805,寶徠,1238889,1074,28436914,24.25,24.25,22.5,22.75,-1.55,22.75,9,22.80,15,0.0,-0.06
1806,冠軍,687752,334,8392926,12.2,12.35,12.0,12.15,-0.05,12.10,100,12.15,8,63.95,-0.0
1808,潤隆,2610452,2110,315226022,123.0,123.0,118.5,120.5,-2.5,120.50,38,121.00,5,7.19,-0.02
1809,中釉,1187048,543,25161099,21.25,21.4,20.9,21.25,-0.1,21.25,11,21.30,9,193.18,-0.0
1810,和成,304560,217,5456204,18.15,18.15,17.65,18.0,0.05,17.95,10,18.00,2,163.64,0.0
1817,凱撒衛,161697,359,6656801,41.5,41.5,41.0,41.2,-0.25,41.00,2,41.20,2,9.76,-0.01
1903,士紙,81512,101,4551044,56.2,56.2,55.2,56.2,0.7,55.70,2,56.20,1,127.73,0.01
1904,正隆,1069613,747,27460524,25.7,25.85,25.5,25.85,0.15,25.70,61,25.85,16,27.8,0.01
1905,華紙,1589504,1101,30285215,19.0,19.3,18.8,19.1,0.1,19.10,11,19.15,20,0.0,0.01
1906,寶隆,58666,300,888228,15.2,15.2,15.05,15.15,-0.05,15.10,2,15.20,2,108.21,-0.0
1907,永豐餘,1279682,988,37966923,29.65,29.8,29.5,29.75,0.1,29.70,1,29.75,242,25.65,0.0
1909,榮成,4640355,1387,63276540,13.3,13.85,13.25,13.6,0.35,13.60,54,13.65,59,226.67,0.03
2002,中鋼,14053712,6268,309125988,22.0,22.1,21.9,21.95,0.0,21.95,"1,043",22.00,20,99.77,0.0
2002A,中鋼特,7922,14,338548,42.75,42.8,42.7,42.7,-0.1,42.70,9,42.80,3,0.0,-0.0
2006,東和鋼鐵,846648,1203,65463399,77.3,77.8,76.7,77.5,0.2,77.40,7,77.50,26,11.89,0.0
2007,燁興,323894,224,3414256,10.55,10.65,10.4,10.6,0.2,10.50,3,10.60,40,0.0,0.02
2008,高興昌,216660,219,6814103,31.0,31.9,30.75,31.85,1.05,31.80,4,31.90,29,79.62,0.03
2009,第一銅,1435199,1113,62707062,43.8,44.2,43.4,43.55,-0.75,43.55,7,43.60,19,155.54,-0.02
2010,春源,352256,250,6390599,18.2,18.25,18.05,18.2,0.0,18.15,5,18.20,19,12.82,0.0
2012,春雨,316230,271,8561009,27.1,27.3,26.9,27.1,0.15,26.95,5,27.10,10,20.07,0.01
2013,中鋼構,45377,177,2433087,53.7,53.7,53.3,53.7,0.4,53.50,1,53.80,1,18.71,0.01
2014,中鴻,2426324,1264,45347136,18.7,18.8,18.5,18.8,0.1,18.75,31,18.80,68,0.0,0.01
2015,豐興,518254,500,41650582,81.7,81.7,79.3,81.0,0.0,80.30,3,81.00,12,18.49,0.0
2017,官田鋼,330261,710,4191471,12.7,12.8,12.6,12.7,0.0,12.65,2,12.70,34,40.97,0.0
2020,美亞,453817,363,12676972,28.05,28.1,27.8,27.85,-0.2,27.80,77,27.85,7,4.71,-0.01
2022,聚亨,414634,244,4112903,9.94,10.0,9.83,9.91,0.01,9.91,2,9.93,3,76.23,0.0
2023,燁輝,1496614,658,22482698,14.9,15.05,14.85,15.05,0.2,15.00,94,15.05,22,0.0,0.01
2024,志聯,35036,39,800061,22.75,22.9,22.75,22.9,0.45,22.80,8,22.90,7,0.0,0.02
2025,千興,3419734,889,42151635,12.1,12.65,11.95,12.4,0.45,12.35,14,12.40,20,0.0,0.04
2027,大成鋼,3646767,2932,128332199,35.2,35.45,34.9,35.15,0.1,35.10,48,35.15,8,20.32,0.0
2028,威致,85039,65,2045080,24.2,24.2,23.95,24.1,0.1,23.95,16,24.10,15,23.4,0.0
2029,盛餘,92316,87,2329213,25.15,25.3,25.15,25.3,0.15,25.15,22,25.30,13,11.4,0.01
2030,彰源,255134,211,4469454,17.5,17.6,17.4,17.55,0.05,17.50,42,17.55,4,56.61,0.0
2031,新光鋼,681609,429,40350833,59.1,59.6,58.8,59.3,0.2,59.20,2,59.30,3,6.41,0.0
2032,新鋼,87951,99,1317877,15.0,15.1,14.85,15.05,0.05,14.95,4,15.05,2,48.55,0.0
2033,佳大,186051,111,3172411,16.7,17.25,16.7,16.9,0.0,16.85,6,17.00,1,120.71,0.0
2034,允強,611944,365,13937119,22.9,23.0,22.7,22.8,-0.1,22.80,1,22.85,4,0.0,-0.0
2038,海光,585864,241,10233997,17.4,17.6,17.3,17.5,0.15,17.45,1,17.55,6,125.0,0.01
2049,上銀,2087621,3754,440744493,207.5,214.0,206.5,210.0,1.5,210.00,4,210.50,21,38.25,0.01
2059,川湖,881048,1488,1077970210,1230.0,1255.0,1205.0,1210.0,-20.0,"1,210.00",15,"1,220.00",8,26.36,-0.02
2062,橋椿,12178665,7320,471786760,38.1,39.45,37.7,39.05,0.75,39.05,44,39.10,9,12.72,0.02
2069,運錩,1789866,1281,32808010,17.45,18.7,17.45,18.2,0.8,18.20,2,18.25,13,113.75,0.05
2101,南港,3606737,1958,188650854,52.0,53.0,51.2,52.9,0.4,52.80,15,52.90,20,69.61,0.01
2102,泰豐,369414,265,8150519,21.8,22.2,21.8,22.2,0.4,22.15,4,22.20,17,0.0,0.02
2103,台橡,745578,394,17010272,22.75,22.95,22.65,22.9,0.15,22.85,6,22.90,27,19.57,0.01
2104,國際中橡,791519,426,12885038,16.35,16.45,16.2,16.3,0.05,16.30,5,16.35,37,0.0,0.0
2105,正新,3078114,2359,149050663,48.55,48.65,48.2,48.25,-0.25,48.25,53,48.30,5,19.3,-0.01
2106,建大,959586,626,29763301,31.0,31.3,30.95,31.2,0.2,31.15,1,31.20,3,17.14,0.01
2107,厚生,268837,424,7235206,26.95,27.05,26.7,27.0,0.2,26.90,1,27.00,14,14.67,0.01
2108,南帝,793324,504,31397476,39.7,39.75,39.35,39.5,-0.1,39.50,10,39.55,1,34.65,-0.0
2109,華豐,449412,473,8571543,19.05,19.25,18.95,19.05,-0.1,19.05,4,19.10,10,10.7,-0.01
2114,鑫永銓,14255,40,1408575,98.8,99.2,98.4,99.2,0.5,98.40,2,99.30,2,17.46,0.01
2115,六暉-KY,324584,258,10189717,31.4,31.8,31.05,31.3,0.7,31.15,2,31.30,3,19.94,0.02
2201,裕隆,3635440,2298,199798559,55.2,55.4,54.5,55.0,0.1,54.90,29,55.00,10,13.06,0.0
2204,中華,2297999,1727,188047422,82.5,82.5,81.3,81.8,0.0,81.80,2,81.90,33,8.91,0.0
2206,三陽工業,1050314,857,76934055,73.4,73.7,72.9,73.4,0.0,73.30,34,73.40,18,10.89,0.0
2207,和泰車,238856,309,152476007,637.0,643.0,631.0,641.0,4.0,640.00,1,642.00,2,15.87,0.01
2208,台船,1565460,887,27425694,17.65,17.7,17.35,17.55,-0.05,17.55,92,17.60,257,0.0,-0.0
2211,長榮鋼,976464,814,117478071,119.0,121.5,117.5,121.5,2.5,121.00,1,121.50,26,19.5,0.02
2227,裕日車,52344,138,6351973,121.0,122.0,120.0,122.0,1.0,120.50,2,122.00,2,22.47,0.01
2228,劍麟,230865,241,22028427,95.8,96.3,94.7,95.3,-0.5,95.30,10,95.60,2,10.57,-0.01
2231,為升,166047,231,17042026,102.5,103.5,102.0,102.0,-1.5,102.00,24,102.50,3,53.12,-0.01
2233,宇隆,1077392,1060,159114590,149.0,151.0,145.0,147.0,-3.5,146.50,4,147.00,8,14.01,-0.02
2236,百達-KY,685415,549,73699409,104.0,109.5,104.0,107.0,3.0,107.00,11,107.50,1,44.77,0.03
2239,英利-KY,122713,135,5918684,49.2,49.2,47.4,47.9,-0.1,47.90,4,47.95,1,21.67,-0.0
2241,艾姆勒,685712,435,20515252,30.2,30.5,29.6,29.75,-0.45,29.75,9,29.80,3,0.0,-0.01
2243,宏旭-KY,3484875,2336,90166353,26.0,26.8,25.25,25.7,-0.5,25.70,26,25.80,11,0.0,-0.02
2247,汎德永業,37735,115,11149569,296.5,296.5,294.5,296.0,2.0,295.00,2,296.00,1,13.21,0.01
2250,IKKA-KY,212805,297,21468326,102.0,102.0,99.5,100.0,-0.5,100.00,6,100.50,1,15.46,-0.0
2254,巨鎧精密-創,152000,40,12847000,84.8,85.0,83.0,84.9,0.9,83.30,2,85.00,7,0.0,0.01
2258,鴻華先進-創,448230,295,18551779,42.2,42.2,41.0,41.7,0.5,41.60,21,41.70,18,0.0,0.01
2301,光寶科,5315376,3985,569307176,107.0,108.0,106.0,107.0,0.0,107.00,58,107.50,258,18.2,0.0
2302,麗正,152245,90,2559748,17.15,17.15,16.6,16.8,-0.1,16.75,14,16.90,5,32.94,-0.01
2303,聯電,35451589,14943,1977875226,55.9,56.0,55.3,56.0,0.0,55.90,299,56.00,"5,186",13.15,0.0
2305,全友,243847,226,5242224,21.6,21.95,21.3,21.5,-0.25,21.45,1,21.50,4,107.5,-0.01
2308,台達電,11486554,9721,4599195145,399.0,407.0,397.0,400.0,-2.5,399.50,9,400.00,132,30.51,-0.01
2312,金寶,40131195,15153,971061315,24.05,24.85,23.7,23.7,-0.4,23.70,663,23.75,7,27.88,-0.02
2313,華通,11335091,8628,842178387,75.2,75.4,73.4,73.7,-1.5,73.70,181,73.80,13,16.41,-0.02
2314,台揚,467442,323,12654467,27.2,27.35,26.8,27.1,0.05,27.05,5,27.10,42,0.0,0.0
2316,楠梓電,1298383,1321,63272130,49.45,49.45,48.25,48.75,-0.8,48.75,4,48.80,1,7.23,-0.02
2317,鴻海,73330894,59842,13472333866,185.0,186.0,181.5,183.5,-3.0,183.00,768,183.50,95,16.59,-0.02
2321,東訊,6219,12,96402,15.4,15.9,15.4,15.4,-0.05,15.15,5,15.45,1,0.0,-0.0
2323,中環,20207227,5777,276697532,13.65,13.85,13.55,13.55,-0.1,13.55,"1,134",13.60,61,18.07,-0.01
2324,仁寶,16031103,6772,525255155,32.6,32.9,32.5,32.75,0.25,32.70,47,32.75,75,15.9,0.01
2327,國巨,2812241,5448,1798161056,642.0,648.0,633.0,635.0,-11.0,634.00,50,635.00,2,13.53,-0.02
2328,廣宇,2031887,1347,71954072,35.65,35.7,35.25,35.3,-0.3,35.30,58,35.35,4,16.89,-0.01
2329,華泰,2407804,1750,102632466,42.95,43.35,42.2,42.55,-0.45,42.50,11,42.55,9,15.47,-0.01
2330,台積電,32606816,83432,31287150192,961.0,964.0,956.0,958.0,-15.0,958.00,168,959.00,73,26.91,-0.02
2331,精英,2966183,1884,76921465,26.4,26.5,25.55,25.65,-0.75,25.65,20,25.70,12,22.3,-0.03
2332,友訊,1111639,736,19936980,17.8,18.05,17.7,18.0,0.15,17.90,5,18.00,15,900.0,0.01
2337,旺宏,6555394,3220,181400360,28.0,28.0,27.5,27.55,-0.35,27.55,93,27.60,179,0.0,-0.01
2338,光罩,1197833,1090,75784751,63.1,64.1,63.0,63.2,-0.6,63.10,14,63.20,13,27.72,-0.01
2340,台亞,1634517,973,56716683,34.7,35.05,34.4,34.55,0.1,34.55,6,34.70,6,493.57,0.0
2342,茂矽,256716,183,7763584,30.25,30.45,30.05,30.15,-0.1,30.10,2,30.20,2,0.0,-0.0
2344,華邦電,24669010,11276,580900648,23.8,23.85,23.35,23.35,-0.4,23.35,683,23.40,135,129.72,-0.02
2345,智邦,1218494,1626,645476824,535.0,537.0,526.0,530.0,-3.0,529.00,2,530.00,5,31.27,-0.01
2347,聯強,2695263,1617,192667298,72.0,72.5,71.2,71.3,-0.1,71.30,5,71.40,28,15.07,-0.0
2348,海悅,3054492,5611,849819049,291.5,291.5,273.0,276.5,-15.0,276.50,10,277.00,5,14.95,-0.05
2348A,海悅甲特,17000,12,563050,33.1,33.25,33.1,33.25,0.2,33.10,2,33.30,3,0.0,0.01
2349,錸德,82354289,23048,1477134979,17.65,18.5,17.2,18.5,1.65,18.50,"66,393",--,0,0.0,0.1
2351,順德,10545958,8832,1424835036,140.0,140.5,130.5,135.5,-9.5,135.00,37,135.50,105,35.19,-0.07
2352,佳世達,3788881,2508,133384288,35.35,35.45,35.05,35.25,0.15,35.25,13,35.30,66,27.12,0.0
2353,宏碁,15159776,6847,653438812,43.2,43.5,42.8,43.05,-0.1,43.00,429,43.05,75,23.02,-0.0
2354,鴻準,21464674,17086,1479980459,69.7,69.8,68.5,68.6,-1.1,68.60,362,68.70,15,25.22,-0.02
2355,敬鵬,2196241,1702,91992809,42.25,42.45,41.6,41.75,-0.5,41.70,41,41.75,2,13.6,-0.01
2356,英業達,32176262,17199,1477888558,45.65,46.7,45.35,45.35,-0.55,45.35,67,45.45,4,24.12,-0.01
2357,華碩,3279893,4816,1696832462,524.0,524.0,511.0,517.0,-2.0,516.00,1,517.00,32,11.9,-0.0
2359,所羅門,15039480,11652,2439271163,164.0,165.5,160.0,160.0,-6.5,160.00,491,160.50,26,126.98,-0.04
2360,致茂,2322860,4109,733861026,320.0,320.0,314.0,316.0,-5.5,315.50,3,316.00,52,30.53,-0.02
2362,藍天,9432316,6656,567824399,59.5,61.5,58.9,60.3,0.4,60.30,16,60.40,44,21.01,0.01
2363,矽統,10012747,10015,721525185,72.2,73.5,71.3,71.3,-1.4,71.30,110,71.40,95,0.0,-0.02
2364,倫飛,6430674,5309,778059190,117.5,127.0,113.5,116.5,1.0,116.50,6,117.00,26,30.1,0.01
2365,昆盈,24934439,15619,1585556495,64.6,64.8,62.7,62.7,-2.6,62.70,102,62.80,13,139.33,-0.04
2367,燿華,7780043,4007,270594471,35.25,35.25,34.5,34.55,-0.55,34.55,104,34.60,11,37.55,-0.02
2368,金像電,3435138,3281,731198186,213.0,214.5,211.5,213.5,0.0,213.00,38,213.50,7,20.71,0.0
2369,菱生,692878,529,13676487,19.85,20.0,19.6,19.7,-0.15,19.70,5,19.75,32,0.0,-0.01
2371,大同,14311672,6946,660106727,45.9,46.85,45.55,45.6,-0.25,45.60,24,45.65,5,73.55,-0.01
2373,震旦行,58667,89,4018422,68.3,69.1,68.0,69.1,1.0,68.40,1,69.10,5,15.09,0.01
2374,佳能,8533906,6060,457838775,54.3,54.8,53.0,53.2,-1.7,53.10,48,53.20,7,26.47,-0.03
2375,凱美,292193,246,19763736,67.2,68.3,66.8,67.8,0.3,67.70,1,67.80,2,21.19,0.0
2376,技嘉,7603906,8286,1970257322,260.5,262.0,257.0,259.0,-3.0,258.50,65,259.00,11,21.07,-0.01
2377,微星,3258020,2528,573592795,175.5,177.5,174.0,175.0,1.0,175.00,202,175.50,3,19.23,0.01
2379,瑞昱,1367706,3055,739923272,542.0,548.0,536.0,537.0,-10.0,536.00,33,538.00,13,22.45,-0.02
2380,虹光,74777,151,480583,6.5,6.5,6.31,6.49,-0.04,6.49,1,6.50,18,0.0,-0.01
2382,廣達,20206903,35874,5715512870,282.0,286.0,280.5,282.0,-2.0,281.50,84,282.00,135,21.63,-0.01
2383,台光電,2549593,3089,1103600851,430.0,437.0,429.5,430.0,-1.0,430.00,106,430.50,1,17.59,-0.0
2385,群光,2003221,1796,321093914,160.0,162.0,158.5,159.5,-0.5,159.50,13,160.00,15,13.79,-0.0
2387,精元,392735,432,23205291,59.5,59.7,58.8,58.9,-0.2,58.80,35,58.90,2,8.73,-0.0
2388,威盛,13935100,10297,1821464773,130.5,135.5,126.0,130.5,-0.5,130.50,17,131.00,58,121.96,-0.0
2390,云辰,354625,416,4399395,12.45,12.5,12.3,12.45,0.0,12.35,8,12.45,2,0.0,0.0
2392,正崴,8897858,6840,612567133,69.2,70.3,67.8,67.9,-1.6,67.90,35,68.00,3,15.9,-0.02
2393,億光,1629195,1488,128533113,79.7,79.8,78.4,78.5,-1.2,78.50,1,78.60,19,16.53,-0.02
2395,研華,886348,801,308376489,350.0,351.0,346.5,347.0,-1.5,346.50,5,347.00,4,33.37,-0.0
2397,友通,1217728,1177,95554963,80.0,80.0,77.2,78.5,-1.5,78.40,2,78.50,6,34.13,-0.02
2399,映泰,869934,580,18282847,21.0,21.35,20.7,20.9,-0.05,20.90,13,20.95,18,0.0,-0.0
2401,凌陽,5500541,3722,179890907,32.9,33.3,32.35,32.45,-0.45,32.45,36,32.50,7,0.0,-0.01
2402,毅嘉,3698082,2451,143990121,39.0,39.6,38.25,38.75,-0.25,38.70,61,38.75,21,20.29,-0.01
2404,漢唐,1021861,1319,348222165,343.0,345.0,336.0,341.5,3.5,341.00,1,341.50,19,13.47,0.01
2405,輔信,5848304,2890,127755311,22.05,22.2,21.35,21.8,-0.25,21.80,8,21.85,6,242.22,-0.01
2406,國碩,3359941,1762,70637709,20.9,21.45,20.55,20.75,-0.15,20.75,52,20.80,8,0.0,-0.01
2408,南亞科,8804043,4683,482678203,55.1,55.4,54.5,54.6,-1.1,54.60,72,54.70,81,0.0,-0.02
2409,友達,25368265,8894,411498625,16.3,16.35,16.1,16.2,-0.25,16.20,112,16.25,433,0.0,-0.02
2412,中華電,8708102,5561,1073876510,123.5,124.0,123.0,123.5,0.0,123.00,143,123.50,290,26.22,0.0
2413,環科,71898,68,1525219,20.95,21.4,20.95,21.35,0.15,21.20,1,21.35,9,133.44,0.01
2414,精技,265224,169,9631070,36.65,36.65,35.85,36.4,0.0,36.30,1,36.45,2,15.62,0.0
2415,錩新,108342,155,2871042,26.1,26.85,26.1,26.65,0.15,26.50,1,26.70,7,44.42,0.01
2417,圓剛,3287364,2724,160155773,49.7,49.7,48.15,48.5,-1.1,48.50,8,48.55,11,0.0,-0.02
2419,仲琦,2652747,1798,83103394,31.65,31.9,30.75,30.95,-0.25,30.90,93,31.00,14,0.0,-0.01
2420,新巨,1439631,1100,100206667,68.7,70.4,68.0,69.5,0.7,69.50,1,69.60,12,17.2,0.01
2421,建準,4384977,3758,414629365,96.9,96.9,93.6,94.3,-1.7,94.20,1,94.30,47,19.4,-0.02
2423,固緯,133817,131,5121300,38.05,38.55,37.95,38.35,0.3,38.20,5,38.35,2,13.75,0.01
2424,隴華,23307,20,707182,30.0,30.8,30.0,30.8,1.1,30.55,1,30.95,2,0.0,0.04
2425,承啟,207998,234,6211617,30.2,30.2,29.7,29.8,-0.35,29.75,3,29.85,2,26.37,-0.01
2426,鼎元,322913,342,6139131,19.3,19.3,18.95,19.0,-0.1,19.00,36,19.05,15,76.0,-0.01
2427,三商電,867356,756,24969731,28.75,29.15,28.6,28.7,-0.3,28.70,26,28.75,39,19.26,-0.01
2428,興勤,447689,423,77486679,171.5,174.5,170.5,173.0,1.5,172.50,1,173.00,1,15.11,0.01
2429,銘旺科,1372814,811,41473347,30.0,30.8,29.0,30.2,0.55,30.15,18,30.20,1,0.0,0.02
2430,燦坤,29916,76,997064,33.25,33.4,33.25,33.4,0.1,33.25,1,33.45,1,18.25,0.0
2431,聯昌,326157,139,3934447,12.05,12.2,12.0,12.1,-0.05,12.05,3,12.10,2,0.0,-0.0
2432,倚天酷碁-創,9230,14,333488,36.2,36.2,36.0,36.2,-0.1,35.70,4,36.20,5,17.49,-0.0
2433,互盛電,34418,72,1755459,51.4,51.4,50.6,51.2,0.4,50.70,8,51.20,1,15.38,0.01
2434,統懋,14938,17,483154,32.2,32.6,32.2,32.35,0.15,31.40,3,32.55,1,115.54,0.0
2436,偉詮電,392719,526,22024003,56.7,56.8,55.6,55.8,-0.3,55.80,8,56.00,12,35.32,-0.01
2438,翔耀,1406571,852,92510359,61.0,67.1,60.2,67.1,6.1,67.10,"1,327",--,0,0.0,0.1
2439,美律,2805270,3356,382200594,137.5,139.0,134.5,135.0,-2.5,135.00,34,136.00,35,18.15,-0.02
2440,太空梭,255306,135,3747123,14.6,14.8,14.45,14.65,0.05,14.65,8,14.85,13,0.0,0.0
2441,超豐,689928,2082,43089544,63.2,63.2,62.1,62.5,-0.5,62.30,2,62.50,27,15.51,-0.01
2442,新美齊,3284882,1653,114717667,35.5,35.5,34.3,35.2,-0.3,34.85,2,35.20,10,16.76,-0.01
2444,兆勁,880949,304,11107249,12.5,12.9,12.4,12.8,0.25,12.70,5,12.80,13,106.67,0.02
2449,京元電子,15659563,9516,1871566239,120.5,121.5,118.0,120.0,-2.0,119.50,133,120.00,23,22.99,-0.02
2450,神腦,75567,84,2687626,35.65,35.7,35.4,35.7,0.1,35.65,1,35.70,3,16.23,0.0
2451,創見,1971059,1891,201937074,100.0,103.5,99.8,102.5,2.7,102.00,6,102.50,42,15.32,0.03
2453,凌群,923338,1009,53116300,58.3,58.6,56.8,57.1,-1.2,57.10,3,57.20,7,19.1,-0.02
2454,聯發科,4669809,9980,5711510720,1220.0,1240.0,1210.0,1220.0,-30.0,"1,215.00",115,"1,220.00",43,19.15,-0.02
2455,全新,3285045,2841,446370777,140.0,140.0,134.0,135.0,-5.0,135.00,53,135.50,12,34.35,-0.04
2457,飛宏,1365748,1180,54745306,40.5,40.75,39.75,40.05,-0.45,40.00,8,40.05,11,81.73,-0.01
2458,義隆,1293979,1046,183598388,142.0,143.5,140.5,141.0,-1.0,141.00,18,142.00,10,14.61,-0.01
2459,敦吉,42427,43,3058348,72.1,72.2,71.9,72.2,0.1,72.00,5,72.20,2,11.93,0.0
2460,建通,305303,228,8487669,27.5,28.05,27.3,28.0,0.2,27.85,1,28.00,7,0.0,0.01
2461,光群雷,529230,266,12202909,22.95,23.2,22.8,23.15,0.35,23.10,10,23.15,1,14.29,0.02
2462,良得電,1304944,1053,42621424,33.05,33.2,32.3,32.4,-0.9,32.40,3,32.45,5,14.4,-0.03
2464,盟立,8769240,6432,720716032,83.4,83.4,81.3,81.8,-1.9,81.80,45,81.90,17,90.89,-0.02
2465,麗臺,814563,865,77586371,96.7,97.2,93.8,94.2,-2.5,94.10,3,94.20,1,0.0,-0.03
2466,冠西電,19065,16,703051,36.6,37.0,36.4,37.0,0.35,36.55,1,37.00,1,0.0,0.01
2467,志聖,5224712,11342,1108137835,212.0,216.0,205.5,212.5,1.5,212.50,2,213.00,46,49.88,0.01
2468,華經,217795,149,5454719,25.2,25.35,24.8,24.85,-0.15,24.80,6,24.85,1,24.85,-0.01
2471,資通,181583,221,9383599,50.9,52.5,50.7,51.6,0.9,51.50,4,51.60,1,18.17,0.02
2472,立隆電,1400334,1185,110208077,79.0,79.4,77.9,78.6,-0.7,78.60,7,78.70,17,11.98,-0.01
2474,可成,2378291,2327,548694281,231.0,234.0,229.0,230.5,-2.5,230.50,5,231.00,8,13.29,-0.01
2476,鉅祥,7717667,5139,838031018,105.0,110.5,104.0,109.5,4.0,109.50,86,110.00,171,25.06,0.04
2477,美隆電,207760,271,5239055,25.2,25.6,24.6,25.4,0.3,25.20,1,25.40,5,22.68,0.01
2478,大毅,340417,296,17179786,51.0,51.0,50.1,50.6,-0.4,50.60,1,50.80,7,17.63,-0.01
2480,敦陽科,92183,151,10913532,118.0,119.0,117.5,119.0,1.5,118.50,2,119.00,24,16.06,0.01
2481,強茂,1539478,1617,81920716,53.7,54.2,52.6,53.0,-0.7,53.00,1,53.20,2,23.87,-0.01
2482,連宇,449544,393,13829762,30.6,31.4,30.1,30.65,0.05,30.65,2,30.70,1,40.33,0.0
2483,百容,303101,119,7171531,23.65,24.0,23.4,23.7,0.35,23.65,5,23.70,1,67.71,0.01
2484,希華,253261,212,7624006,30.15,30.25,29.8,30.2,0.05,30.15,12,30.20,23,26.03,0.0
2485,兆赫,569612,506,10242881,17.95,18.2,17.7,18.05,0.15,18.00,13,18.05,3,0.0,0.01
2486,一詮,10291328,6721,1030510176,103.0,103.5,99.0,99.3,-3.2,99.30,49,99.40,6,194.71,-0.03
2488,漢平,148124,217,6968725,47.3,47.3,46.6,46.9,-0.3,46.90,5,47.05,2,9.53,-0.01
2489,瑞軒,11793811,6627,274612376,23.55,23.7,23.05,23.2,-0.4,23.15,162,23.20,26,17.85,-0.02
2491,吉祥全,67108,48,930020,13.8,13.95,13.7,13.85,0.05,13.70,5,13.90,17,34.62,0.0
2492,華新科,1717111,1477,183852205,108.0,109.0,106.0,107.0,-1.5,106.50,20,107.00,44,20.9,-0.01
2493,揚博,135605,410,12064907,89.0,89.2,88.6,89.2,0.0,88.90,1,89.20,2,14.65,0.0
2495,普安,1235202,815,38072487,31.05,31.35,30.45,30.65,-0.35,30.65,22,30.70,4,19.4,-0.01
2496,卓越,15005,18,1128773,75.6,75.7,75.0,75.1,0.2,74.90,2,75.30,1,11.79,0.0
2497,怡利電,4075716,3124,266130210,63.0,66.3,62.4,66.0,3.2,65.90,9,66.10,47,27.5,0.05
2498,宏達電,3400548,2498,145999691,42.7,43.5,42.25,42.95,0.25,42.95,5,43.00,51,0.0,0.01
2501,國建,4367960,2124,122355592,28.3,28.4,27.5,28.1,-0.4,28.05,82,28.10,1,13.07,-0.01
2504,國產,3313944,2226,167925150,51.7,51.7,50.3,50.7,-0.7,50.60,28,50.70,54,12.68,-0.01
2505,國揚,998645,741,27690028,27.8,28.3,27.2,28.05,-0.45,28.00,5,28.05,2,39.51,-0.02
2506,太設,2081614,720,25256119,12.4,12.5,12.0,12.15,-0.15,12.15,16,12.20,18,0.0,-0.01
2509,全坤建,847495,712,21045860,25.2,25.3,24.15,25.0,-0.3,25.00,12,25.05,7,0.0,-0.01
2511,太子,1430805,568,16261005,11.4,11.45,11.3,11.4,0.0,11.35,26,11.40,67,54.29,0.0
2514,龍邦,1053382,582,23404047,22.55,22.55,22.0,22.25,-0.15,22.20,5,22.25,4,6.41,-0.01
2515,中工,12197661,4719,166506805,13.7,13.8,13.5,13.7,-0.05,13.65,106,13.70,47,34.25,-0.0
2516,新建,646010,267,7759595,12.0,12.25,11.85,11.9,-0.05,11.90,95,12.00,13,22.88,-0.0
2520,冠德,12499185,8059,722657296,57.8,58.8,56.0,58.5,-0.2,58.40,34,58.50,99,6.52,-0.0
2524,京城,6953436,4968,798980774,118.0,121.5,111.5,113.0,-10.5,112.50,8,113.00,35,44.14,-0.09
2527,宏璟,868159,836,34533900,40.6,40.6,39.25,39.6,-1.05,39.60,8,39.65,7,15.47,-0.03
2528,皇普,1267587,659,56162241,45.0,45.0,43.45,44.4,-0.9,44.35,3,44.45,15,0.0,-0.02
2530,華建,1882190,1026,88431399,46.7,48.25,45.85,47.95,0.55,47.90,8,48.05,19,32.18,0.01
2534,宏盛,1609962,1018,43391924,27.15,27.3,26.3,27.25,-0.05,27.10,8,27.25,28,59.24,-0.0
2535,達欣工,210351,407,11426969,54.6,54.6,54.1,54.4,-0.2,54.30,1,54.40,4,11.53,-0.0
2536,宏普,470456,274,16146938,34.9,34.9,33.85,34.25,-0.3,34.25,5,34.35,4,25.37,-0.01
2537,聯上發,8492406,4019,191732279,22.9,23.0,22.3,22.45,-0.9,22.40,410,22.45,21,46.77,-0.04
2538,基泰,1946176,741,39894286,20.6,21.0,20.0,20.8,0.1,20.80,10,20.85,16,0.0,0.0
2539,櫻花建,1175281,1087,82897783,72.0,72.0,70.0,70.9,-0.2,70.50,1,70.90,9,31.37,-0.0
2540,愛山林,2632766,3014,493818340,195.0,195.0,184.0,186.0,-12.0,186.00,18,186.50,6,34.96,-0.06
2542,興富發,20372838,12069,1121974392,56.9,56.9,54.4,54.8,-2.1,54.80,50,54.90,64,46.84,-0.04
2543,皇昌,10405473,6708,693419647,67.0,68.1,65.5,66.9,-0.8,66.90,46,67.00,18,15.74,-0.01
2545,皇翔,2945546,2491,186875321,63.7,64.7,61.5,64.7,-0.3,64.50,32,64.70,7,8.96,-0.0
2546,根基,109225,214,8960487,83.3,83.3,81.0,82.8,0.9,82.30,1,82.90,4,13.99,0.01
2547,日勝生,1778244,612,19245676,11.1,11.1,10.7,10.8,-0.15,10.80,9,10.85,42,0.0,-0.01
2548,華固,1824217,2379,263037213,144.0,147.0,140.5,145.0,-1.0,145.00,7,145.50,16,19.15,-0.01
2597,潤弘,503503,708,77466876,156.5,156.5,151.0,155.0,-1.5,155.00,2,155.50,8,12.29,-0.01
2601,益航,942520,375,6805169,7.28,7.28,7.18,7.23,0.01,7.22,9,7.24,10,0.0,0.0
2603,長榮,15756650,11877,2955884260,188.5,190.0,186.0,187.5,-1.0,187.00,171,187.50,18,5.56,-0.01
2605,新興,2734228,1482,72925231,26.5,26.85,26.4,26.8,0.2,26.75,26,26.80,13,12.35,0.01
2606,裕民,1843060,1344,97222865,53.3,53.3,52.4,52.8,0.0,52.70,19,52.80,34,11.6,0.0
2607,榮運,812832,619,25470959,31.3,31.55,31.2,31.35,0.05,31.35,24,31.40,5,14.12,0.0
2608,嘉里大榮,370750,281,14529713,39.25,39.35,39.1,39.25,0.0,39.15,2,39.25,7,16.35,0.0
2609,陽明,31161151,16733,1991559468,64.0,64.7,62.8,63.7,0.0,63.70,182,63.80,128,8.98,0.0
2610,華航,18973858,6190,398180282,21.05,21.2,20.8,20.85,-0.15,20.85,626,20.95,36,14.38,-0.01
2611,志信,482285,424,11722858,24.45,24.45,24.1,24.4,0.0,24.35,2,24.40,6,6.8,0.0
2612,中航,163347,143,6935901,42.45,42.75,42.3,42.45,0.0,42.40,12,42.45,2,20.12,0.0
2613,中櫃,442233,364,14548492,33.0,33.4,32.5,32.55,-0.45,32.55,17,32.65,4,28.55,-0.01
2614,東森,961818,537,19438372,20.0,20.35,19.95,20.2,0.2,20.20,6,20.25,16,0.0,0.01
2615,萬海,17560495,11834,1400173471,79.0,80.4,78.4,80.4,1.2,80.30,51,80.40,200,15.2,0.02
2616,山隆,163898,245,3490906,21.3,21.4,21.15,21.35,0.05,21.30,1,21.35,1,266.88,0.0
2617,台航,404299,279,13004266,32.0,32.45,31.95,32.2,0.15,32.20,7,32.25,4,6.95,0.0
2618,長榮航,36397861,13039,1271665691,35.05,35.15,34.65,34.9,-0.05,34.85,328,34.90,78,7.97,-0.0
2630,亞航,252497,202,8226884,32.75,32.8,32.25,32.65,0.05,32.65,7,32.70,8,41.86,0.0
2633,台灣高鐵,3066418,2617,90775865,29.85,29.85,29.45,29.65,0.0,29.55,2,29.65,105,21.49,0.0
2634,漢翔,2810752,2282,137704577,49.1,49.3,48.6,49.3,0.15,49.25,1,49.30,66,20.12,0.0
2636,台驊投控,592269,705,52989954,90.3,90.4,89.1,89.1,-0.8,89.10,27,89.60,2,9.02,-0.01
2637,慧洋-KY,1638745,1311,108322237,66.3,66.6,65.7,66.3,0.1,66.30,7,66.40,68,10.12,0.0
2642,宅配通,45839,308,1591906,34.85,34.95,34.55,34.8,-0.05,34.70,1,34.85,2,42.96,-0.0
2645,長榮航太,448603,557,44385412,99.3,99.8,97.8,99.5,0.4,98.90,8,99.50,3,19.51,0.0
2701,萬企,157822,132,2065241,13.15,13.15,13.0,13.15,0.1,13.10,1,13.15,20,22.29,0.01
2702,華園,57686,150,1028257,17.7,17.85,17.7,17.85,0.15,17.80,2,17.85,9,24.79,0.01
2704,國賓,207894,190,12656316,60.7,61.4,60.2,61.4,0.8,61.00,4,61.40,3,16.55,0.01
2705,六福,206693,210,3677464,17.75,17.95,17.7,17.9,0.25,17.80,3,17.95,15,0.0,0.01
2706,第一店,138357,190,2102828,15.3,15.3,15.15,15.25,0.0,15.20,5,15.25,10,23.83,0.0
2707,晶華,179266,194,37106480,206.5,209.0,206.0,206.0,0.0,205.50,7,206.50,1,18.34,0.0
2712,遠雄來,18297,25,496900,27.0,27.4,26.95,27.4,0.0,27.05,1,27.40,8,0.0,0.0
2722,夏都,86705,89,3565229,40.85,41.5,40.75,41.25,0.35,41.20,1,41.30,5,82.5,0.01
2723,美食-KY,140461,170,11344338,80.3,81.0,80.0,81.0,0.7,80.90,1,81.00,5,21.77,0.01
2727,王品,694209,1041,151438253,215.5,219.0,215.5,218.5,3.0,218.50,6,219.00,34,13.8,0.01
2731,雄獅,432831,540,59163020,138.0,138.0,136.0,136.5,-1.5,136.50,18,137.00,17,7.52,-0.01
2739,寒舍,1960754,1395,111638377,58.5,58.5,56.2,56.8,-1.8,56.80,119,56.90,1,7.1,-0.03
2748,雲品,190364,240,10647374,56.2,56.2,55.5,55.9,-0.7,55.90,1,56.00,1,17.31,-0.01
2753,八方雲集,38458,100,5993830,156.0,156.0,155.5,156.0,0.0,155.50,3,156.00,3,18.08,0.0
2762,世界健身-KY,133336,123,10301437,77.3,77.9,76.5,77.8,0.5,77.80,2,77.90,6,24.7,0.01
2801,彰銀,17898659,5627,319194496,17.85,17.9,17.75,17.85,0.05,17.85,877,17.90,"1,595",14.51,0.0
2809,京城銀,2606454,1770,142080765,54.2,54.8,53.9,54.8,1.1,54.50,76,54.80,95,8.59,0.02
2812,台中銀,5182088,4185,91966451,17.75,17.8,17.65,17.8,0.15,17.75,31,17.80,217,11.56,0.01
2816,旺旺保,301814,252,10697284,35.35,35.65,35.15,35.6,0.35,35.40,1,35.60,3,5.66,0.01
2820,華票,513241,315,7683230,15.0,15.0,14.95,15.0,0.0,14.95,210,15.00,68,16.48,0.0
2832,台產,1435868,967,42705454,29.2,29.95,29.15,29.85,0.65,29.80,7,29.85,24,9.51,0.02
2834,臺企銀,11592236,4792,185124893,15.9,16.0,15.9,16.0,0.05,16.00,41,16.05,"1,028",13.22,0.0
2836,高雄銀,1808390,681,21717577,12.0,12.05,11.95,12.05,0.1,12.00,76,12.05,116,26.2,0.01
2836A,高雄銀甲特,7084,6,148646,20.9,21.0,20.9,21.0,0.2,20.90,2,21.00,3,0.0,0.01
2838,聯邦銀,1554418,843,23335827,15.05,15.1,14.9,15.1,0.1,15.00,4,15.10,284,13.6,0.01
2838A,聯邦銀甲特,73150,26,3817245,52.2,52.3,52.1,52.3,0.1,52.20,22,52.30,10,0.0,0.0
2845,遠東銀,11313116,2454,178607702,15.85,15.85,15.7,15.8,0.0,15.75,302,15.80,475,14.11,0.0
2849,安泰銀,376691,167,5600435,14.85,15.0,14.75,15.0,0.25,14.95,4,15.00,16,14.71,0.02
2850,新產,997827,928,94375800,93.5,96.0,92.7,94.5,1.7,94.40,4,94.50,6,8.94,0.02
2851,中再保,1541359,684,40403286,26.0,26.4,25.9,26.25,0.25,26.20,23,26.25,45,8.39,0.01
2852,第一保,610855,226,14391516,23.3,23.7,23.3,23.65,0.35,23.55,23,23.70,15,8.73,0.02
2855,統一證,1307214,784,35227010,27.0,27.15,26.8,26.85,-0.2,26.85,38,26.90,3,9.42,-0.01
2867,三商壽,30662770,6320,243155714,7.87,8.05,7.75,7.99,0.18,7.98,59,7.99,240,28.54,0.02
2880,華南金,13062795,6237,336251032,26.0,26.05,25.6,25.75,-0.25,25.70,47,25.75,80,15.8,-0.01
2881,富邦金,10972295,8159,976253206,89.1,89.6,88.6,89.2,0.4,89.10,8,89.20,19,15.82,0.0
2881A,富邦特,81910,46,5042296,61.5,61.7,61.4,61.7,0.1,61.60,8,61.70,27,0.0,0.0
2881B,富邦金乙特,13402,24,786650,58.6,58.8,58.6,58.8,0.2,58.70,1,58.90,31,0.0,0.0
2881C,富邦金丙特,9693,31,495497,51.3,51.3,51.1,51.1,0.0,51.10,4,51.20,2,0.0,0.0
2882,國泰金,17882476,7004,1104552054,61.4,62.2,61.3,61.9,0.2,61.80,173,61.90,85,12.23,0.0
2882A,國泰特,323392,33,19496120,60.2,60.3,60.2,60.2,0.1,60.10,4,60.30,88,0.0,0.0
2882B,國泰金乙特,95299,51,5429134,57.0,57.2,56.9,57.1,-0.1,56.90,1,57.10,13,0.0,-0.0
2883,開發金,27654888,6220,442743008,16.0,16.15,15.95,16.05,0.0,16.00,549,16.05,"1,838",12.54,0.0
2883B,開發金乙特,1332377,247,9779551,7.32,7.36,7.32,7.35,0.03,7.34,109,7.35,88,0.0,0.0
2884,玉山金,12994251,7324,353879196,27.25,27.35,27.1,27.35,0.05,27.30,24,27.35,56,19.54,0.0
2885,元大金,13687701,4690,433610030,31.9,32.0,31.55,31.7,-0.05,31.65,"1,063",31.70,233,13.38,-0.0
2886,兆豐金,22690923,10681,878428289,39.05,39.05,38.6,38.9,-0.1,38.85,28,38.90,183,16.48,-0.0
2887,台新金,15096247,5097,282602122,18.75,18.8,18.6,18.8,0.05,18.75,134,18.80,446,17.57,0.0
2887E,台新戊特,40421,135,2080932,51.3,51.5,51.3,51.5,0.2,51.50,8,51.60,16,0.0,0.0
2887F,台新戊特二,2212,9,101661,46.0,46.0,46.0,46.0,0.0,45.90,3,46.00,1,0.0,0.0
2887Z1,台新己特,175473,22,2851266,16.25,16.25,16.2,16.25,0.0,16.25,79,16.30,3,0.0,0.0
2888,新光金,990559660,121955,12264376989,12.45,12.65,12.15,12.45,0.65,12.40,"28,716",12.45,"6,496",41.5,0.06
2888A,新光金甲特,1173622,524,41674434,34.4,36.05,34.4,36.0,3.15,35.85,4,36.00,1,0.0,0.1
2888B,新光金乙特,2223571,841,79572549,34.45,36.25,34.45,36.2,3.05,36.15,1,36.20,11,0.0,0.09
2889,國票金,3451407,1324,52428095,15.15,15.3,15.1,15.3,0.1,15.20,1,15.30,294,25.93,0.01
2890,永豐金,24561981,8300,659940338,27.0,27.2,26.7,26.7,-0.3,26.70,655,26.75,58,15.08,-0.01
2891,中信金,232403561,97891,7790517888,33.8,34.1,33.3,33.7,-1.3,33.65,235,33.70,"1,082",10.6,-0.04
2891B,中信金乙特,7645,129,460896,60.3,60.4,60.3,60.4,0.0,60.10,1,60.40,9,0.0,0.0
2891C,中信金丙特,20672,134,1179550,57.0,57.4,56.9,57.3,0.0,56.80,2,57.30,10,0.0,0.0
2892,第一金,11889061,4581,322147445,27.2,27.2,27.0,27.2,0.05,27.15,10,27.20,92,16.19,0.0
2897,王道銀行,2008401,626,20492116,10.2,10.25,10.15,10.2,0.0,10.20,79,10.25,923,11.33,0.0
2897A,王道銀甲特,498298,43,5082679,10.25,10.25,10.2,10.2,0.0,10.15,245,10.20,48,0.0,0.0
2901,欣欣,29447,121,810486,27.55,27.95,27.35,27.6,0.05,27.45,1,27.60,1,61.33,0.0
2903,遠百,2385595,1056,67686401,28.15,28.55,28.0,28.3,0.15,28.25,237,28.30,1,16.95,0.01
2904,匯僑,87762,74,1640458,18.7,18.8,18.55,18.8,0.1,18.60,5,18.80,15,21.36,0.01
2905,三商,2738784,1528,56776879,21.15,21.15,20.55,20.65,-0.45,20.65,18,20.75,25,21.74,-0.02
2906,高林,322778,215,6426232,19.7,20.1,19.7,20.0,0.1,19.90,1,20.00,1,32.26,0.01
2908,特力,337241,188,6931934,20.65,20.65,20.45,20.6,0.05,20.45,5,20.60,14,40.39,0.0
2910,統領,39015,29,1078360,27.4,27.95,27.4,27.95,0.6,27.50,7,27.95,1,22.72,0.02
2911,麗嬰房,145130,585,1031102,7.1,7.13,7.08,7.1,-0.05,7.10,1,7.12,7,0.0,-0.01
2912,統一超,807521,2751,225151453,280.5,281.0,276.5,278.5,-1.5,278.00,12,278.50,3,25.09,-0.01
2913,農林,1665764,968,34674639,20.85,21.0,20.7,20.75,-0.1,20.70,65,20.75,21,0.0,-0.0
2915,潤泰全,3598347,2751,280621963,78.3,78.8,77.4,78.1,-0.5,78.10,28,78.20,90,7.5,-0.01
2923,鼎固-KY,268893,252,8794469,31.8,34.1,31.0,34.1,3.1,34.10,44,--,0,71.04,0.1
2929,淘帝-KY,228035,193,2003886,8.57,8.97,8.57,8.88,0.25,8.80,3,8.88,4,0.0,0.03
2939,永邑-KY,997204,217,26225965,26.3,26.3,26.15,26.3,0.15,26.15,2,26.30,3,0.0,0.01
2945,三商家購,11544,22,492297,43.0,43.05,42.2,43.05,0.0,42.90,2,43.20,1,22.42,0.0
3002,歐格,110367,64,1586732,14.2,14.45,14.2,14.45,0.25,14.40,1,14.45,1,65.68,0.02
3003,健和興,1376799,2066,117382838,84.9,86.3,84.4,84.6,0.4,84.50,7,84.60,6,22.8,0.0
3004,豐達科,38309,48,3722876,97.5,97.8,96.7,97.8,0.5,97.40,1,97.90,1,14.01,0.01
3005,神基,3733241,3211,416033109,111.0,112.5,109.5,112.0,2.0,111.50,34,112.00,2,16.26,0.02
3006,晶豪科,2769548,2171,225109102,81.9,82.7,80.4,80.9,-1.4,80.90,34,81.00,21,0.0,-0.02
3008,大立光,1122133,3599,3351915230,2995.0,3020.0,2950.0,2985.0,5.0,"2,980.00",1,"2,985.00",1,18.51,0.0
3010,華立,866109,928,108439541,126.0,127.0,124.0,124.0,-3.0,124.00,17,124.50,3,14.96,-0.02
3011,今皓,2148055,815,64151764,28.6,30.6,28.55,30.4,1.7,30.35,1,30.40,10,0.0,0.06
3013,晟銘電,15468539,9663,1925010511,124.0,126.5,122.0,124.0,1.5,124.00,135,124.50,239,59.9,0.01
3014,聯陽,272183,317,39425359,145.0,146.0,143.0,145.0,0.0,144.50,3,145.00,4,14.53,0.0
3015,全漢,328759,431,17854193,53.8,54.6,53.5,54.4,0.6,54.30,11,54.40,2,17.32,0.01
3016,嘉晶,1308308,1026,79312015,60.3,61.8,59.1,61.0,0.8,61.00,11,61.10,2,63.54,0.01
3017,奇鋐,4713149,6344,2872794859,605.0,620.0,604.0,606.0,-10.0,606.00,50,607.00,3,35.15,-0.02
3018,隆銘綠能,59057,64,1502069,26.3,26.3,25.05,25.5,-0.8,25.50,2,25.65,7,0.0,-0.03
3019,亞光,23404453,16584,2929239159,124.0,127.0,122.5,126.5,4.0,126.00,139,126.50,158,34.75,0.03
3021,鴻名,105069,85,2536609,24.05,24.4,24.0,24.15,0.1,24.10,2,24.20,4,20.12,0.0
3022,威強電,650639,544,52988283,81.0,82.1,80.2,81.6,0.5,81.50,5,81.60,5,10.42,0.01
3023,信邦,650727,2128,189926673,295.0,296.5,289.0,292.5,-3.0,292.00,1,292.50,10,21.12,-0.01
3024,憶聲,2418691,1174,51161636,21.55,21.55,20.95,21.0,-0.45,20.95,80,21.00,7,53.85,-0.02
3025,星通,1083696,1160,72899384,67.9,68.8,66.5,66.8,-0.9,66.70,18,66.90,10,19.42,-0.01
3026,禾伸堂,132593,128,11881468,89.4,89.8,89.2,89.8,0.1,89.70,1,89.80,5,21.23,0.0
3027,盛達,2735814,1707,106116259,37.9,39.8,37.05,38.45,0.7,38.45,15,38.70,1,61.03,0.02
3028,增你強,4067771,2335,128984691,31.8,31.9,31.1,31.55,0.0,31.55,7,31.60,5,18.13,0.0
3029,零壹,776572,1304,74705559,96.5,97.6,95.2,96.1,-0.5,96.10,38,96.30,3,19.65,-0.01
3030,德律,2010714,1781,314125307,160.5,161.0,154.0,156.5,-3.5,156.00,20,156.50,2,25.57,-0.02
3031,佰鴻,259616,211,4953196,19.0,19.3,18.9,19.05,-0.15,19.00,6,19.05,1,15.88,-0.01
3032,偉訓,2233876,1835,157386591,70.4,71.5,69.5,70.4,-0.2,70.30,1,70.40,7,11.5,-0.0
3033,威健,1420206,955,47218371,33.1,33.4,32.8,33.3,0.2,33.25,7,33.30,92,14.87,0.01
3034,聯詠,2118257,4575,1154169983,547.0,549.0,540.0,545.0,-7.0,545.00,18,546.00,23,15.09,-0.01
3035,智原,3977966,15398,1174428290,298.0,300.0,291.5,292.5,-9.0,292.50,17,293.00,61,62.77,-0.03
3036,文曄,2155156,2003,238572879,112.0,112.0,109.5,110.0,-1.0,110.00,91,110.50,22,22.68,-0.01
3036A,文曄甲特,773388,188,36702157,47.45,47.5,47.4,47.5,0.05,47.50,28,47.60,19,0.0,0.0
3037,欣興,19536509,13848,3019047820,157.0,158.0,152.0,153.0,-5.0,153.00,261,153.50,67,24.48,-0.03
3038,全台,234292,343,6273298,27.15,27.15,26.6,26.85,-0.15,26.85,1,26.90,5,9.87,-0.01
3040,遠見,113497,109,3976233,35.0,35.5,34.55,35.5,0.2,34.80,1,35.55,1,34.8,0.01
3041,揚智,464550,351,9178036,19.8,19.95,19.5,19.95,0.15,19.90,5,20.00,22,0.0,0.01
3042,晶技,799973,675,88302205,111.0,111.5,109.5,110.0,-1.5,110.00,4,110.50,25,16.54,-0.01
3043,科風,121582,138,3789005,31.6,31.6,30.8,30.95,0.1,30.90,6,31.00,4,0.0,0.0
3044,健鼎,2048125,1820,404847612,197.0,199.5,195.5,196.0,-1.0,196.00,23,196.50,20,13.24,-0.01
3045,台灣大,5826833,2788,637463692,109.0,110.0,108.5,110.0,1.5,109.50,58,110.00,908,26.13,0.01
3046,建碁,420349,376,26921381,64.2,64.6,63.1,64.3,0.6,64.30,2,64.40,6,18.32,0.01
3047,訊舟,152848004,67816,7129589728,44.25,48.5,43.5,44.65,0.55,44.65,23,44.70,16,0.0,0.01
3048,益登,4401789,3610,204352744,46.3,47.35,45.55,46.15,-0.6,46.15,10,46.20,5,107.33,-0.01
3049,精金,1749602,850,16006840,9.14,9.27,9.04,9.13,0.02,9.13,3,9.14,24,0.0,0.0
3050,鈺德,12454277,6340,289484999,22.5,24.4,22.0,23.05,0.5,23.00,91,23.05,113,37.18,0.02
3051,力特,532638,403,14869483,28.1,28.2,27.65,27.8,-0.2,27.80,15,27.95,1,15.19,-0.01
3052,夆典,1642811,485,22119409,13.55,13.55,13.35,13.35,-0.15,13.35,56,13.40,18,13.62,-0.01
3054,立萬利,104077,83,2177633,20.6,21.25,20.6,20.7,0.3,20.70,3,20.75,6,0.0,0.01
3055,蔚華科,517230,478,37551491,73.9,74.0,72.0,72.6,-0.8,72.60,1,72.70,1,0.0,-0.01
3056,富華新,2689099,1704,99667526,37.15,37.75,36.3,37.35,0.2,37.35,2,37.40,31,373.5,0.01
3057,喬鼎,161530,150,2085633,12.7,13.2,12.65,13.0,0.3,13.00,5,13.05,1,0.0,0.02
3058,立德,695586,463,11588594,16.55,16.8,16.35,16.75,0.2,16.70,2,16.75,11,0.0,0.01
3059,華晶科,3561664,2113,133620958,37.4,37.85,37.0,37.7,0.25,37.65,21,37.70,10,30.16,0.01
3060,銘異,1112368,638,30986850,27.95,28.35,27.5,27.75,-0.25,27.75,8,27.80,2,0.0,-0.01
3062,建漢,18132024,9437,605249722,33.3,33.95,32.6,33.3,0.0,33.25,18,33.30,7,0.0,0.0
3090,日電貿,229248,440,14283845,62.7,62.7,62.0,62.3,-0.2,62.30,1,62.40,10,15.58,-0.0
3092,鴻碩,167323,144,4539105,27.6,27.6,27.0,27.25,-0.4,27.05,4,27.25,4,0.0,-0.01
3094,聯傑,200250,240,6209444,31.15,31.4,30.8,30.95,-0.3,30.90,4,30.95,6,123.8,-0.01
3130,一零四,15770,65,3655865,231.5,232.5,231.0,232.5,1.0,231.00,1,233.00,1,16.49,0.0
3138,耀登,155158,200,18658023,118.5,122.0,118.5,120.0,1.5,119.50,2,120.00,3,35.09,0.01
3149,正達,837001,661,18950471,22.5,23.4,22.05,22.8,0.35,22.75,4,22.80,1,0.0,0.02
3150,鈺寶-創,24086,16,934262,39.0,39.0,38.35,38.95,-0.5,38.50,2,38.95,1,0.0,-0.01
3164,景岳,33123,80,754415,22.65,22.95,22.65,22.95,0.25,22.75,2,22.95,4,27.99,0.01
3167,大量,27425067,16571,2638561697,97.5,99.5,93.5,93.5,-3.0,93.50,50,93.60,236,194.79,-0.03
3168,眾福科,73499,79,4339497,59.0,59.9,58.1,59.9,0.2,59.50,3,59.90,5,19.45,0.0
3189,景碩,4746229,3763,492914854,105.0,106.5,102.0,103.0,-2.5,103.00,38,103.50,93,355.17,-0.02
3209,全科,267605,329,9274023,34.65,34.85,34.5,34.7,0.05,34.60,2,34.70,9,12.01,0.0
3229,晟鈦,129573,101,3383098,26.65,26.7,25.5,26.15,-0.5,26.00,2,26.15,20,186.79,-0.02
3231,緯創,21798452,11350,2210053557,100.0,102.5,99.7,101.5,0.5,101.50,214,102.00,825,18.26,0.0
3257,虹冠電,61196,278,3151136,51.6,51.7,51.3,51.7,0.1,51.40,3,51.80,2,15.62,0.0
3266,昇陽,298496,220,7020303,23.6,23.8,23.3,23.55,-0.25,23.45,10,23.60,1,10.56,-0.01
3296,勝德,678641,505,16673785,24.1,25.1,24.05,24.4,0.35,24.35,4,24.40,1,813.33,0.01
3305,昇貿,493107,609,32238310,66.0,66.3,64.9,65.2,-0.6,65.20,5,65.30,4,27.28,-0.01
3308,聯德,56254,232,1384637,24.9,24.9,24.35,24.7,0.1,24.55,1,24.80,2,0.0,0.0
3311,閎暉,155327,197,5744358,35.9,37.6,35.8,37.5,1.6,37.30,1,37.50,1,22.59,0.04
3312,弘憶股,28005796,19618,2555812383,89.9,93.0,89.5,90.5,2.2,90.50,167,90.60,15,33.03,0.02
3321,同泰,268357,171,5475570,20.5,20.95,20.1,20.35,-0.25,20.20,6,20.40,11,0.0,-0.01
3338,泰碩,830633,982,64455564,78.4,78.6,76.8,77.3,-1.1,77.30,6,77.40,7,23.01,-0.01
3346,麗清,345727,305,13469106,39.0,39.4,38.7,39.15,-0.05,39.00,1,39.15,3,13.64,-0.0
3356,奇偶,956889,1310,65227636,68.1,68.9,67.2,67.7,-0.1,67.70,26,68.00,10,11.25,-0.0
3376,新日興,9815983,9631,2154099425,227.0,227.0,214.0,215.0,-12.5,215.00,3,215.50,2,33.39,-0.05
3380,明泰,1482815,1119,49554984,33.35,33.9,32.9,33.35,0.3,33.30,3,33.35,8,38.78,0.01
3406,玉晶光,1169648,2014,623414986,526.0,541.0,525.0,530.0,-1.0,529.00,27,530.00,1,12.42,-0.0
3413,京鼎,697870,853,234313389,338.0,338.5,331.5,336.0,-2.5,336.00,281,336.50,4,15.54,-0.01
3416,融程電,102262,129,14196609,138.0,139.5,137.5,139.5,1.0,139.00,3,139.50,5,21.56,0.01
3419,譁裕,667763,246,11549107,17.2,17.5,17.05,17.4,0.1,17.35,7,17.40,8,0.0,0.01
3432,台端,77289,70,1961265,25.0,25.8,25.0,25.7,0.7,25.25,4,25.75,2,0.0,0.03
3437,榮創,373144,339,8828009,23.9,24.15,23.05,23.65,-0.1,23.50,2,23.65,3,0.0,-0.0
3443,創意,1897000,3258,2214815529,1180.0,1190.0,1150.0,1165.0,-15.0,"1,165.00",3,"1,170.00",4,47.24,-0.01
3447,展達,385408,398,15060309,38.35,39.75,38.15,39.2,0.45,39.20,7,39.30,2,0.0,0.01
3450,聯鈞,17873217,11781,2500708855,138.5,142.5,135.0,139.5,1.0,139.50,4,140.00,93,225.0,0.01
3454,晶睿,114592,149,13016263,114.5,114.5,112.5,114.5,1.5,114.00,1,114.50,3,38.42,0.01
3494,誠研,121534,47,847529,7.0,7.08,6.94,6.96,0.0,6.94,2,6.99,8,0.0,0.0
3501,維熹,176187,281,12743273,73.0,73.0,72.0,72.1,-0.3,72.00,11,72.30,1,13.28,-0.0
3504,揚明光,140228,176,7920754,56.8,57.0,55.9,56.3,-0.5,56.20,3,56.30,1,0.0,-0.01
3515,華擎,177722,236,34821574,194.5,197.0,194.0,196.0,2.0,196.00,5,197.00,11,19.74,0.01
3518,柏騰,14167623,9284,574316257,39.0,41.5,37.8,40.5,1.65,40.50,21,40.60,9,0.0,0.04
3528,安馳,424175,425,23567277,55.4,56.5,54.8,55.5,-0.4,55.50,1,55.70,11,18.69,-0.01
3530,晶相光,306060,410,28511036,93.0,94.8,91.8,93.0,1.5,93.00,16,93.20,2,0.0,0.02
3532,台勝科,369480,449,52311219,142.0,142.5,140.5,141.5,-2.0,141.50,2,142.00,4,23.7,-0.01
3533,嘉澤,641003,1025,978657670,1555.0,1560.0,1495.0,1510.0,-30.0,"1,510.00",2,"1,515.00",5,22.64,-0.02
3535,晶彩科,58620799,37100,4711944607,82.0,84.0,77.4,78.4,-2.0,78.30,121,78.40,90,60.78,-0.02
3543,州巧,38039,38,798756,21.2,21.25,20.9,21.05,0.1,21.00,1,21.05,1,46.78,0.0
3545,敦泰,779424,848,63987705,81.8,82.9,81.2,82.1,-0.2,82.00,15,82.10,3,41.89,-0.0
3550,聯穎,360071,101,5471176,15.25,15.3,15.1,15.2,-0.05,15.15,11,15.25,13,0.0,-0.0
3557,嘉威,184796,200,13540027,73.2,73.8,72.2,73.2,0.7,73.00,3,73.30,4,10.76,0.01
3563,牧德,444651,575,157050156,350.0,362.0,344.0,350.0,1.5,349.50,10,350.50,5,92.84,0.0
3576,聯合再生,5158663,1808,59062510,11.45,11.6,11.25,11.45,0.05,11.40,145,11.45,25,0.0,0.0
3583,辛耘,4254561,7234,1943476212,464.5,465.5,450.0,455.0,-12.5,454.50,10,455.00,6,46.48,-0.03
3588,通嘉,212463,203,15458403,72.1,73.5,71.4,72.9,0.4,72.50,2,72.90,2,37.77,0.01
3591,艾笛森,358567,303,8948083,24.95,25.15,24.75,25.0,0.0,24.95,1,25.00,1,37.88,0.0
3592,瑞鼎,271379,564,96287998,357.5,358.0,351.5,353.0,-4.5,353.00,1,354.00,2,13.4,-0.01
3593,力銘,540429,391,8980213,17.1,17.4,16.35,16.4,-0.75,16.40,48,16.75,1,0.0,-0.04
3596,智易,586182,673,86823991,147.0,149.5,146.5,147.5,1.0,147.00,12,147.50,6,12.7,0.01
3605,宏致,1159697,1025,56809385,49.4,49.75,48.4,48.75,-0.65,48.70,3,48.80,2,609.38,-0.01
3607,谷崧,2313083,1382,50609285,21.8,22.3,21.45,21.75,-0.3,21.75,9,21.80,5,155.36,-0.01
3617,碩天,752625,2268,211601295,282.0,285.5,277.5,278.5,-4.0,278.50,7,279.00,9,13.44,-0.01
3622,洋華,705433,584,42933258,60.0,61.6,59.5,60.7,0.4,60.70,3,60.80,4,12.52,0.01
3645,達邁,14225351,9401,840853466,56.7,61.0,56.0,59.2,1.7,59.20,61,59.30,25,59.2,0.03
3652,精聯,2408210,2096,118727426,50.0,50.8,48.4,48.9,-1.2,48.85,1,48.90,2,58.21,-0.02
3653,健策,2134732,3545,2796272135,1330.0,1355.0,1265.0,1355.0,15.0,"1,350.00",2,"1,355.00",3,69.24,0.01
3661,世芯-KY,1280164,3690,3167275405,2465.0,2515.0,2440.0,2475.0,-25.0,"2,470.00",3,"2,475.00",2,49.18,-0.01
3665,貿聯-KY,2222243,2311,935402797,422.0,427.0,417.0,417.0,-8.5,417.00,2,418.00,1,30.02,-0.02
3669,圓展,109751,111,5116300,47.15,47.15,46.0,46.7,-0.45,46.50,1,46.70,1,21.23,-0.01
3673,TPK-KY,6574295,3706,269790972,41.25,41.85,40.55,40.75,-0.1,40.75,8,40.80,11,74.09,-0.0
3679,新至陞,87886,100,11702520,135.0,135.0,132.0,132.5,-1.0,132.00,14,133.00,1,12.93,-0.01
3686,達能,6070386,3781,179605151,28.5,31.0,27.65,30.0,1.4,30.00,4,30.05,7,0.0,0.05
3694,海華,357547,332,15543296,43.35,44.0,43.1,43.35,-0.25,43.35,9,43.60,2,17.69,-0.01
3701,大眾控,418328,314,16703099,40.1,40.5,39.7,39.7,-0.7,39.70,5,39.85,3,41.35,-0.02
3702,大聯大,4994105,4667,405429637,81.6,82.0,80.4,81.5,-0.9,81.50,2,81.60,16,17.64,-0.01
3702A,大聯大甲特,290139,118,14104955,48.25,48.75,48.25,48.7,0.5,48.70,1,48.75,25,0.0,0.01
3703,欣陸,1066075,1497,36016332,34.05,34.2,33.55,33.75,-0.45,33.70,11,33.75,16,16.54,-0.01
3704,合勤控,354304,436,12658692,35.75,35.95,35.15,35.9,0.15,35.85,2,35.90,3,19.3,0.0
3705,永信,314645,438,17895420,56.7,57.2,56.5,57.1,0.0,57.00,4,57.10,7,14.46,0.0
3706,神達,3501286,2865,153975342,43.95,44.35,43.7,43.9,-0.2,43.85,46,43.90,171,19.51,-0.0
3708,上緯投控,1207217,1161,136780785,115.5,115.5,111.5,112.5,-1.0,112.00,47,112.50,1,17.05,-0.01
3711,日月光投控,14873492,9424,2266160096,153.0,154.5,151.5,152.5,-2.5,152.00,148,152.50,252,20.83,-0.02
3712,永崴投控,8554983,7453,497059644,58.6,59.3,57.0,57.3,-1.0,57.30,28,57.40,17,14.22,-0.02
3714,富采,981252,662,39176612,39.9,40.25,39.7,39.95,-0.1,39.90,1,39.95,2,0.0,-0.0
3715,定穎投控,4837939,3885,298620699,62.4,62.5,61.0,61.7,-0.5,61.60,14,61.70,8,13.24,-0.01
4104,佳醫,175864,758,16165389,92.0,92.2,91.7,92.0,0.2,91.90,4,92.00,4,18.4,0.0
4106,雃博,65582,116,1696909,25.9,25.9,25.8,25.9,0.0,25.80,9,25.90,12,23.33,0.0
4108,懷特,127819,219,2324455,18.15,18.3,18.0,18.3,0.2,18.15,2,18.30,23,0.0,0.01
4119,旭富,77799,116,6935657,89.0,89.5,88.8,89.4,0.2,89.40,2,89.50,2,77.07,0.0
4133,亞諾法,165493,183,5105054,30.8,31.2,30.55,30.75,0.15,30.60,6,30.75,1,28.21,0.0
4137,麗豐-KY,74288,99,10394652,139.0,141.0,139.0,139.5,-1.0,139.50,1,140.00,1,15.66,-0.01
4142,國光生,877831,577,25356128,28.85,29.0,28.7,28.95,0.25,28.85,5,28.95,20,0.0,0.01
4148,全宇生技-KY,96363,110,4367256,45.0,45.95,44.5,45.75,1.7,45.50,1,45.75,3,22.99,0.04
4155,訊映,291178,260,7075869,24.45,24.5,24.0,24.35,0.1,24.30,1,24.35,38,73.79,0.0
4164,承業醫,92572,208,4112475,44.15,44.7,44.15,44.55,0.0,44.50,1,44.55,1,27.0,0.0
4190,佐登-KY,37311,324,1798737,48.2,48.5,48.0,48.5,0.45,48.10,1,48.50,2,0.0,0.01
4306,炎洲,3476121,1825,68629222,20.0,20.0,19.5,19.7,-0.3,19.70,43,19.75,34,11.45,-0.02
4414,如興,468242,111,1593457,3.36,3.44,3.35,3.4,0.0,3.40,15,3.42,39,0.0,0.0
4426,利勤,335868,165,4651359,13.9,13.95,13.75,13.95,-0.05,13.85,3,13.95,6,0.0,-0.0
4438,廣越,66384,73,7395530,111.0,112.0,111.0,112.0,1.0,111.50,1,112.00,16,18.6,0.01
4439,冠星-KY,4400,14,427800,97.8,97.8,96.8,97.1,0.1,97.00,6,97.20,1,11.84,0.0
4440,宜新實業,61419,48,1608761,26.15,26.35,26.1,26.35,0.2,26.15,10,26.35,3,18.82,0.01
4526,東台,3962986,2564,110082603,28.1,28.35,27.3,27.5,-0.5,27.50,62,27.60,39,0.0,-0.02
4532,瑞智,1840007,1092,47133329,25.8,25.95,25.45,25.5,-0.25,25.50,41,25.55,2,13.35,-0.01
4536,拓凱,471635,8557,99237288,214.0,214.0,208.0,210.0,-3.0,209.50,7,210.00,2,13.63,-0.01
4540,全球傳動,7440849,4457,337608408,46.3,46.7,44.2,44.2,-1.95,44.15,35,44.20,8,0.0,-0.04
4545,銘鈺,334771,305,18680048,56.0,57.0,55.2,55.6,-0.8,55.50,4,55.60,1,25.39,-0.01
4551,智伸科,536711,584,65468305,118.0,124.0,117.0,121.0,2.0,120.00,7,121.00,6,24.59,0.02
4552,力達-KY,164441,107,4298481,26.25,26.25,26.0,26.15,-0.05,26.10,1,26.15,6,8.25,-0.0
4555,氣立,16332212,11688,814478637,53.2,53.2,47.0,47.0,-2.0,47.00,51,47.10,1,0.0,-0.04
4557,永新-KY,36271,265,3991150,110.5,111.0,109.5,109.5,-1.0,109.00,3,110.00,3,12.26,-0.01
4560,強信-KY,72001,40,2447283,34.05,34.3,33.8,34.3,0.2,34.10,5,34.35,2,26.59,0.01
4562,穎漢,9680809,7282,721360076,75.7,76.7,73.3,73.6,-3.2,73.50,71,73.60,8,0.0,-0.04
4564,元翎,2397856,1444,62867722,26.7,26.85,25.7,25.95,-0.6,25.95,1,26.00,3,0.0,-0.02
4566,時碩工業,9060040,6152,882189049,95.8,99.2,95.0,97.1,0.9,97.10,5,97.20,90,27.9,0.01
4569,六方科-KY,29001,30,2843599,97.6,99.3,97.5,99.3,0.0,98.00,1,99.30,1,19.43,0.0
4571,鈞興-KY,316484,271,40383348,129.5,130.0,126.0,127.0,-4.0,127.00,4,127.50,5,20.26,-0.03
4572,駐龍,81393,283,12564768,154.0,155.5,153.5,154.0,-1.5,154.00,2,154.50,1,21.81,-0.01
4576,大銀微系統,2898696,2935,271557851,94.2,97.2,91.1,92.3,-3.3,92.20,14,92.30,8,512.78,-0.03
4581,光隆精密-KY,21100,45,1089463,51.5,51.7,51.5,51.6,0.0,51.50,2,51.70,2,9.89,0.0
4583,台灣精銳,754486,1163,292527764,392.0,395.0,382.5,384.0,-7.5,383.50,6,384.00,4,28.49,-0.02
4588,玖鼎電力,286573,330,27740469,94.6,100.0,93.5,96.1,1.5,96.10,2,96.70,1,27.54,0.02
4720,德淵,1103616,564,23446671,21.0,21.5,20.8,21.2,0.3,21.15,39,21.20,14,14.72,0.01
4722,國精化,68068,54,2928224,42.7,43.45,42.7,43.45,0.75,43.10,1,43.45,8,17.24,0.02
4736,泰博,77789,138,12645778,163.0,163.0,161.5,163.0,0.0,162.00,10,163.00,13,13.9,0.0
4737,華廣,28132,199,1797486,64.0,64.5,63.5,64.5,0.0,64.40,2,64.90,1,0.0,0.0
4739,康普,227086,301,13675668,59.6,60.6,59.0,60.5,0.9,60.50,2,60.60,9,121.0,0.02
4746,台耀,386210,693,36103881,93.9,94.2,93.0,93.2,-0.7,93.20,32,93.50,3,43.76,-0.01
4755,三福化,166091,221,20246374,122.0,123.0,121.0,122.0,0.0,121.50,10,122.50,2,26.58,0.0
4763,材料-KY,2628104,6083,2334493655,870.0,898.0,863.0,896.0,26.0,895.00,2,896.00,18,11.39,0.03
4764,雙鍵,11087,12,471556,42.5,42.7,42.1,42.7,-0.3,42.10,12,42.85,1,0.0,-0.01
4766,南寶,767888,944,226556167,300.0,300.0,291.5,293.0,-4.0,293.00,1,295.00,4,13.39,-0.01
4770,上品,83429,169,31798210,384.0,385.5,378.5,381.5,-0.5,378.50,3,382.00,2,18.39,-0.0
4771,望隼,69790,96,16407208,235.5,238.5,233.0,235.0,0.0,234.00,2,235.00,12,19.14,0.0
4807,日成-KY,530026,396,12412547,23.0,24.35,22.3,23.0,0.7,23.00,1,23.15,1,0.0,0.03
4904,遠傳,9541042,6999,858066723,88.5,90.5,88.0,90.0,2.2,89.90,78,90.00,242,27.78,0.03
4906,正文,17021445,9215,718420105,41.45,42.75,40.6,42.25,1.15,42.25,13,42.30,21,28.74,0.03
4912,聯德控股-KY,246395,247,26382700,110.0,110.0,105.0,105.0,-5.5,105.00,29,105.50,3,20.92,-0.05
4915,致伸,1639384,1346,142255365,87.0,87.4,86.2,86.5,0.3,86.40,1,86.60,64,15.76,0.0
4916,事欣科,305544,245,8358865,27.35,27.65,27.1,27.35,0.0,27.30,25,27.35,1,0.0,0.0
4919,新唐,2014748,1778,175760757,87.7,88.0,85.8,87.2,-0.5,87.10,11,87.20,2,21.58,-0.01
4927,泰鼎-KY,1098571,622,57992821,53.3,53.8,52.3,52.7,-0.6,52.60,37,52.70,5,0.0,-0.01
4930,燦星網,71976,105,2272089,31.65,31.7,31.45,31.65,-0.05,31.65,8,31.70,19,7.8,-0.0
4934,太極,476788,330,9215086,19.35,19.7,19.0,19.2,-0.15,19.20,3,19.25,5,0.0,-0.01
4935,茂林-KY,88000,50,5117700,58.0,58.5,57.7,58.2,0.5,58.00,6,58.40,4,15.36,0.01
4938,和碩,6068077,2652,635702287,105.0,105.5,104.0,105.0,0.0,104.50,47,105.00,680,15.17,0.0
4942,嘉彰,146310,84,6288387,43.1,43.2,42.8,42.85,-0.1,42.85,2,42.95,1,9.38,-0.0
4943,康控-KY,24844,21,487828,19.65,19.9,19.55,19.55,-0.35,19.55,2,19.80,1,0.0,-0.02
4949,有成精密,100910,143,2493426,24.9,25.0,24.55,24.65,-0.65,24.55,6,24.75,1,0.0,-0.03
4952,凌通,522715,342,29416795,56.8,56.9,55.9,56.1,-0.6,56.10,1,56.20,2,24.5,-0.01
4956,光鋐,1614338,773,45037294,28.0,28.5,27.35,27.95,-0.25,27.90,17,27.95,22,0.0,-0.01
4958,臻鼎-KY,4875719,3455,603767583,124.5,125.5,122.0,123.0,-2.0,123.00,90,123.50,24,16.06,-0.02
4960,誠美材,2163843,1094,30426865,14.25,14.3,13.9,14.0,-0.2,13.95,102,14.00,36,0.0,-0.01
4961,天鈺,576355,1325,152240973,267.0,267.0,262.5,263.5,-2.0,263.50,7,264.00,6,15.01,-0.01
4967,十銓,1395323,1165,169956178,122.0,123.5,121.0,121.5,-1.0,121.50,16,122.00,40,12.93,-0.01
4968,立積,1836732,1689,332032797,181.5,184.5,177.5,180.0,-3.0,179.50,19,180.00,3,666.67,-0.02
4976,佳凌,942671,717,45935171,48.8,49.45,47.8,48.75,0.05,48.75,4,48.80,3,0.0,0.0
4977,眾達-KY,704201,577,49959199,70.8,71.8,69.3,71.0,0.8,70.80,1,71.00,1,37.37,0.01
4989,榮科,190486,246,3805559,20.0,20.2,19.85,19.95,0.1,19.95,2,20.00,2,0.0,0.01
4994,傳奇,116738,217,12701479,108.0,110.5,107.0,109.5,0.5,108.00,2,109.50,1,32.88,0.0
4999,鑫禾,34124,88,1151359,33.7,33.85,33.6,33.8,0.1,33.70,1,33.80,6,73.48,0.0
5007,三星,69081,64,3931221,56.9,57.6,56.5,57.6,0.8,56.80,3,57.60,4,15.2,0.01
5203,訊連,123037,131,11843501,96.0,97.0,95.3,96.5,-0.1,96.50,1,96.70,6,26.22,-0.0
5215,科嘉-KY,45008,36,2009376,44.6,45.15,44.3,44.75,0.15,44.70,2,44.75,1,14.07,0.0
5222,全訊,464301,2504,70692766,153.0,154.0,151.0,152.0,0.0,151.50,16,152.00,1,25.59,0.0
5225,東科-KY,3142014,3208,447678658,137.0,146.0,136.0,145.0,7.5,144.50,16,145.00,46,16.69,0.05
5234,達興材料,612693,524,86832517,140.0,144.0,138.0,142.0,1.5,141.50,14,142.50,8,27.41,0.01
5243,乙盛-KY,857625,563,50765333,59.5,59.9,58.7,59.3,0.0,59.30,5,59.40,6,18.65,0.0
5244,弘凱,26283,33,1087963,41.4,41.5,41.1,41.5,0.15,41.35,1,41.50,1,16.73,0.0
5258,虹堡,170191,172,21160126,123.5,125.0,123.5,124.0,0.0,123.50,19,124.00,4,15.74,0.0
5269,祥碩,1108865,2290,1840576955,1715.0,1715.0,1630.0,1645.0,-70.0,"1,645.00",5,"1,650.00",7,38.74,-0.04
5283,禾聯碩,63656,95,6805897,107.0,107.0,106.5,107.0,0.0,106.50,42,107.00,6,18.58,0.0
5284,jpp-KY,537331,505,62799720,114.0,120.5,112.0,117.0,4.5,116.50,14,117.00,4,25.71,0.04
5285,界霖,121897,208,8093219,66.0,67.5,65.9,66.0,-0.6,65.90,2,66.00,15,28.82,-0.01
5288,豐祥-KY,33215,31,6702036,201.5,202.5,201.0,202.5,0.5,201.00,2,202.50,6,11.98,0.0
5292,華懋,59310,620,9115265,153.0,154.5,153.0,154.0,-0.5,154.00,1,154.50,4,16.18,-0.0
5306,桂盟,361278,930,54802034,152.0,153.0,150.0,151.0,-1.0,150.50,1,151.00,2,27.5,-0.01
5388,中磊,799290,866,88129802,109.5,111.5,109.0,110.0,0.5,110.00,5,110.50,9,12.73,0.0
5434,崇越,448457,1088,125105626,279.0,280.5,276.5,279.5,0.5,278.50,2,279.50,1,16.38,0.0
5469,瀚宇博,1408883,990,70341158,50.1,50.3,49.65,49.85,0.1,49.80,20,49.85,19,9.6,0.0
5471,松翰,120763,132,5356423,44.5,44.7,44.15,44.45,-0.2,44.35,2,44.45,1,33.42,-0.0
5484,慧友,3914267,4028,351888741,89.3,95.7,87.0,88.0,-7.8,88.00,9,88.10,3,0.0,-0.08
5515,建國,876527,679,20271187,23.4,23.4,22.85,23.0,-0.35,22.95,1,23.00,3,11.79,-0.01
5519,隆大,4423230,3201,203966180,47.1,47.1,45.3,45.95,-1.8,45.90,28,46.00,13,10.74,-0.04
5521,工信,1752786,625,19563721,11.3,11.3,11.05,11.15,-0.05,11.10,196,11.15,30,0.0,-0.0
5522,遠雄,2190416,1579,178866959,82.0,83.2,79.0,81.6,0.0,81.50,5,81.60,10,15.63,0.0
5525,順天,294283,256,11835451,40.0,41.2,39.35,40.95,0.6,40.95,5,41.00,3,12.6,0.01
5531,鄉林,1184213,558,12544111,10.9,10.9,10.45,10.65,-0.15,10.60,6,10.65,38,0.0,-0.01
5533,皇鼎,500578,304,11258320,22.7,23.0,21.95,22.5,0.05,22.40,1,22.50,2,17.72,0.0
5534,長虹,3150102,2012,393635055,127.0,127.0,120.5,126.0,-2.0,125.50,49,126.00,25,17.05,-0.02
5538,東明-KY,40704,26,1257282,31.55,31.55,30.0,31.1,0.35,30.90,1,31.15,2,27.04,0.01
5546,永固-KY,38000,25,1108200,29.0,29.8,28.8,29.8,0.8,28.75,2,29.80,2,0.0,0.03
5607,遠雄港,269479,340,13211425,49.3,49.3,48.8,49.2,0.2,49.00,3,49.20,15,21.3,0.0
5608,四維航,791539,572,14077455,17.7,18.0,17.6,17.8,0.0,17.80,14,17.85,18,0.0,0.0
5706,鳳凰,180787,553,10792548,59.9,60.1,59.0,59.6,-0.3,59.50,1,59.70,1,16.88,-0.01
5871,中租-KY,5643342,3663,830991593,148.0,148.0,146.5,148.0,0.0,147.50,4,148.00,65,10.9,0.0
5871A,中租-KY甲特,25020,16,2358295,94.2,94.4,94.2,94.2,0.0,94.10,13,94.30,4,0.0,0.0
5876,上海商銀,5024616,2848,203639880,41.1,41.25,40.3,40.6,-0.4,40.55,16,40.60,12,18.45,-0.01
5880,合庫金,7418679,3583,191608082,25.95,25.95,25.7,25.85,0.05,25.85,26,25.90,85,21.54,0.0
5906,台南-KY,68118,208,4428002,64.7,66.6,61.8,65.2,1.3,64.50,1,65.20,4,27.28,0.02
5907,大洋-KY,65688,52,555640,8.48,8.51,8.39,8.48,-0.01,8.44,5,8.48,1,0.0,-0.0
6005,群益證,1816212,1159,39848256,22.15,22.15,21.8,22.0,-0.05,21.95,17,22.00,73,10.89,-0.0
6024,群益期,459277,285,25714956,55.8,56.2,55.3,56.2,0.6,55.90,5,56.20,4,11.42,0.01
6108,競國,285083,184,5715502,20.05,20.2,19.95,20.0,-0.05,20.00,9,20.05,6,71.43,-0.0
6112,邁達特,412922,442,20108361,49.3,49.3,48.2,48.55,-0.45,48.55,5,48.65,1,22.79,-0.01
6115,鎰勝,91679,101,4849083,52.5,53.1,52.5,53.0,0.3,52.70,9,53.00,1,16.01,0.01
6116,彩晶,3235664,1572,28726553,8.8,8.93,8.8,8.9,0.03,8.90,29,8.91,52,0.0,0.0
6117,迎廣,5791036,4304,641761371,113.5,114.5,108.0,108.5,-5.0,108.50,86,109.00,18,28.7,-0.04
6120,達運,1032157,555,14692282,14.4,14.4,14.1,14.2,-0.1,14.15,31,14.20,21,40.57,-0.01
6128,上福,91602,88,3280573,35.7,36.1,35.7,35.9,0.2,35.80,1,35.90,4,10.81,0.01
6133,金橋,3057196,1653,68265491,22.1,22.85,21.45,22.3,0.5,22.30,1,22.35,22,54.39,0.02
6136,富爾特,148181,104,3233366,21.8,21.9,21.75,21.9,0.1,21.85,6,21.90,7,24.07,0.0
6139,亞翔,7099268,9258,1760702207,242.5,251.0,239.0,248.5,5.5,248.00,67,248.50,50,14.07,0.02
6141,柏承,161229,162,2340033,14.55,14.75,14.35,14.55,0.0,14.35,13,14.55,6,0.0,0.0
6142,友勁,306649,200,3086190,10.05,10.2,9.95,10.2,0.15,10.15,1,10.20,1,0.0,0.01
6152,百一,1690198,729,27612762,16.25,16.65,16.05,16.3,0.05,16.30,1,16.35,2,163.0,0.0
6153,嘉聯益,1158249,782,24847486,21.3,21.65,21.05,21.5,0.2,21.50,3,21.55,28,0.0,0.01
6155,鈞寶,128059,79,3417499,26.75,27.05,26.5,26.6,-0.2,26.55,6,26.60,1,30.23,-0.01
6164,華興,747133,263,10584481,14.3,14.4,14.0,14.15,-0.05,14.15,15,14.20,1,61.52,-0.0
6165,浪凡,71334,70,2698820,37.6,38.1,37.5,37.8,-0.05,37.80,2,37.85,1,40.21,-0.0
6166,凌華,385766,433,28602648,75.2,75.6,73.2,73.5,-1.3,73.50,1,73.80,2,1225.0,-0.02
6168,宏齊,167350,120,3636873,21.75,21.85,21.6,21.75,0.0,21.70,4,21.75,21,80.56,0.0
6176,瑞儀,1509275,1045,277286721,183.5,185.5,182.0,184.0,0.5,183.50,13,184.00,262,14.13,0.0
6177,達麗,9651773,7426,661038891,70.1,70.4,66.4,68.0,-1.3,68.00,21,68.10,4,11.85,-0.02
6183,關貿,51631,91,3873797,74.9,75.3,74.7,75.3,0.4,74.90,2,75.30,3,24.13,0.01
6184,大豐電,41412,47,2182932,52.8,53.0,52.5,53.0,0.3,52.70,1,53.00,1,16.01,0.01
6189,豐藝,1645323,3080,150000717,92.0,92.3,90.5,91.0,-1.6,90.90,3,91.00,12,15.19,-0.02
6191,精成科,1613104,1143,99940487,62.2,62.9,61.5,61.5,-0.7,61.50,98,61.70,1,8.67,-0.01
6192,巨路,96639,120,11185226,116.5,117.0,115.0,116.0,-0.5,115.50,1,116.00,3,12.98,-0.0
6196,帆宣,289536,705,44146764,153.5,154.0,151.5,152.5,-1.0,152.00,1,152.50,2,17.57,-0.01
6197,佳必琪,2490088,2519,443442536,176.0,181.0,173.5,177.0,0.5,177.00,8,177.50,14,23.98,0.0
6201,亞弘電,33736,43,2013622,59.9,59.9,59.5,59.8,-0.1,59.50,1,59.80,10,12.83,-0.0
6202,盛群,293317,279,14643152,50.5,50.5,49.4,50.0,-0.2,49.95,1,50.00,2,0.0,-0.0
6205,詮欣,139335,128,9750795,70.0,70.5,69.2,70.5,0.9,69.70,4,70.50,8,30.39,0.01
6206,飛捷,306008,213,26990370,88.3,88.6,87.3,88.2,-0.1,88.00,1,88.30,4,16.01,-0.0
6209,今國光,602250,270,15792822,26.25,26.5,25.8,26.25,0.0,26.25,1,26.30,3,0.0,0.0
6213,聯茂,6070767,4173,473411528,78.5,79.3,76.8,76.9,-1.8,76.90,38,77.00,4,30.52,-0.02
6214,精誠,333876,378,39571091,120.0,120.0,118.0,118.0,-2.0,118.00,42,118.50,5,17.08,-0.02
6215,和椿,4666267,4266,305972046,66.4,66.8,64.8,64.9,-2.0,64.80,102,64.90,1,51.1,-0.03
6216,居易,729150,528,33882815,46.75,46.95,45.85,46.35,-0.4,46.35,46,46.45,6,19.98,-0.01
6224,聚鼎,532280,823,33135441,62.7,63.5,61.6,61.9,-0.8,61.90,6,62.00,9,41.54,-0.01
6225,天瀚,2957,5,45168,15.4,15.4,15.4,15.4,0.0,15.40,2,15.70,1,42.78,0.0
6226,光鼎,86740,64,848285,9.74,9.89,9.7,9.8,0.06,9.74,4,9.81,4,0.0,0.01
6230,尼得科超眾,50248,272,11752007,236.0,237.0,232.0,234.5,-1.5,233.50,1,234.50,1,63.72,-0.01
6235,華孚,969997,859,69156487,72.2,72.3,70.6,71.1,-0.5,71.10,2,71.20,1,17.64,-0.01
6239,力成,3998549,3143,584680582,146.5,148.5,144.0,145.0,-2.0,144.50,19,145.00,11,11.9,-0.01
6243,迅杰,131323,138,6497580,49.5,50.4,49.1,49.25,-0.55,49.25,1,49.65,1,38.18,-0.01
6257,矽格,2570922,2586,190653289,74.3,74.9,73.3,74.2,-0.3,74.20,23,74.30,11,13.97,-0.0
6269,台郡,1398259,1262,111864651,80.0,80.4,79.7,80.0,-0.2,80.00,60,80.10,3,17.17,-0.0
6271,同欣電,1158610,1143,160040173,139.0,140.5,136.5,137.5,-1.0,137.00,21,138.00,11,18.28,-0.01
6277,宏正,39945,69,3143137,78.5,78.9,78.5,78.9,0.4,78.50,12,78.90,4,19.72,0.01
6278,台表科,1317101,1046,150870291,115.0,115.5,113.5,114.5,0.0,114.00,29,114.50,24,10.69,0.0
6281,全國電,28429,38,2370638,83.3,83.7,83.2,83.7,0.4,83.30,1,83.80,5,18.2,0.0
6282,康舒,3321853,2487,116397411,35.1,35.4,34.8,34.9,-0.2,34.90,1,34.95,6,581.67,-0.01
6283,淳安,84000,69,2217750,26.35,26.6,26.25,26.4,0.05,26.35,1,26.45,3,0.0,0.0
6285,啟碁,2528540,1872,312809549,123.0,124.5,122.0,123.0,-1.0,123.00,40,123.50,27,14.22,-0.01
6288,聯嘉,528308,356,13378884,25.3,25.55,25.05,25.3,0.0,25.30,14,25.35,2,70.28,0.0
6405,悅城,70050,51,1615667,23.0,23.2,22.95,23.1,-0.1,22.95,3,23.15,1,0.0,-0.0
6409,旭隼,119165,278,244444825,2070.0,2110.0,2020.0,2050.0,-20.0,"2,045.00",1,"2,050.00",5,50.62,-0.01
6412,群電,407639,439,51809414,127.0,128.5,126.0,126.5,-0.5,126.50,12,127.50,4,14.42,-0.0
6414,樺漢,950591,2142,279218926,293.0,297.5,291.0,292.0,-1.0,292.00,13,292.50,2,17.21,-0.0
6415,矽力*-KY,2725650,2627,1206945544,436.5,448.0,428.5,443.5,6.5,443.00,1,443.50,11,280.7,0.01
6416,瑞祺電通,246078,274,29658997,119.5,121.5,119.0,120.5,1.0,120.50,13,121.00,9,30.9,0.01
6423,億而得-創,17373,18,1654035,93.7,96.0,93.7,95.9,0.9,95.00,1,95.90,1,92.21,0.01
6426,統新,70001,53,4107457,57.9,59.3,57.9,58.5,0.5,58.30,1,58.70,6,0.0,0.01
6431,光麗-KY,365391,245,6084382,15.75,17.2,15.65,16.75,1.1,16.50,2,16.75,14,0.0,0.07
6438,迅得,577072,539,66720294,116.0,116.5,113.5,115.5,0.5,115.00,64,115.50,3,16.62,0.0
6442,光聖,7511993,7876,3272347653,448.0,448.0,422.5,437.5,-8.0,437.50,13,438.00,6,71.96,-0.02
6443,元晶,4263498,2535,103662604,24.4,24.65,24.05,24.25,-0.1,24.25,72,24.30,5,47.55,-0.0
6446,藥華藥,2118886,2889,1474181022,699.0,704.0,688.0,695.0,-3.0,694.00,26,695.00,20,174.19,-0.0
6449,鈺邦,3149264,2345,519309394,161.0,169.5,158.0,167.5,6.0,167.00,18,167.50,39,33.84,0.04
6451,訊芯-KY,3449026,5048,786120566,230.0,232.5,222.0,231.5,0.0,231.50,1,232.00,22,83.57,0.0
6456,GIS-KY,413000,310,24214663,58.5,59.2,58.1,58.9,0.3,58.70,10,58.90,17,0.0,0.01
6464,台數科,44327,41,3580161,80.8,80.8,80.6,80.8,0.3,80.60,1,80.80,8,13.91,0.0
6472,保瑞,3172575,6684,2482780837,790.0,798.0,771.0,778.0,2.0,778.00,11,779.00,29,24.6,0.0
6477,安集,483819,395,16830162,34.75,35.35,34.3,34.7,0.0,34.65,6,34.70,5,0.0,0.0
6491,晶碩,184636,310,80388196,435.5,438.0,431.0,435.5,0.0,435.00,6,438.00,2,17.55,0.0
6504,南六,39425,69,2777830,70.7,71.0,70.0,70.4,-0.2,70.40,1,70.50,2,55.43,-0.0
6505,台塑化,6298198,4475,368336304,58.7,59.0,58.2,58.7,0.0,58.60,59,58.70,454,21.19,0.0
6515,穎崴,210331,396,220244005,1050.0,1055.0,1035.0,1050.0,0.0,"1,045.00",2,"1,050.00",1,59.97,0.0
6525,捷敏-KY,70319,62,4616282,65.8,65.9,65.3,65.8,0.8,65.40,1,65.80,2,14.92,0.01
6526,達發,458816,1050,278361046,611.0,614.0,602.0,606.0,-7.0,606.00,4,607.00,5,56.79,-0.01
6531,愛普*,1728475,1901,526630464,299.0,308.5,296.5,305.0,3.5,304.50,10,305.00,4,30.2,0.01
6533,晶心科,278669,496,105357579,379.5,384.0,375.0,377.0,-3.0,376.00,2,377.00,3,0.0,-0.01
6534,正瀚-創,17150,16,1341900,78.9,78.9,77.5,78.8,0.2,77.70,2,78.80,1,18.85,0.0
6541,泰福-KY,120192,146,6742151,54.1,56.5,54.1,56.3,1.3,56.30,3,56.50,3,0.0,0.02
6550,北極星藥業-KY,721377,984,43289509,60.2,60.7,59.5,60.4,0.2,60.30,1,60.40,3,0.0,0.0
6552,易華電,127279,111,6146753,49.0,49.0,48.0,48.45,-0.4,48.45,1,48.50,1,51.0,-0.01
6558,興能高,55024,52,1204078,22.0,22.0,21.7,21.95,0.0,21.85,2,21.95,3,156.79,0.0
6573,虹揚-KY,76400,40,1096556,14.55,14.6,14.25,14.35,-0.1,14.35,2,14.40,7,0.0,-0.01
6579,研揚,149510,1878,25121714,167.0,169.5,167.0,168.5,1.5,168.00,3,168.50,5,27.0,0.01
6581,鋼聯,26101,31,2788828,107.5,107.5,105.5,107.5,1.5,106.50,1,107.50,15,17.92,0.01
6582,申豐,306860,324,18899469,61.1,62.6,60.9,61.8,-0.4,61.60,1,61.90,1,0.0,-0.01
6585,鼎基,1170928,4684,216990113,186.5,189.5,180.5,181.0,-2.0,181.00,25,181.50,11,18.64,-0.01
6591,動力-KY,203164,109,9623675,47.2,47.9,46.5,47.15,0.15,46.95,1,47.20,1,15.98,0.0
6592,和潤企業,428473,586,41674144,97.0,98.0,96.4,98.0,1.4,97.70,1,98.00,11,17.35,0.01
6592A,和潤企業甲特,3625,9,342427,94.5,94.5,94.4,94.5,0.1,94.30,1,94.60,2,0.0,0.0
6592B,和潤企業乙特,14626,28,1384163,94.6,94.7,94.6,94.7,0.0,94.60,10,94.70,8,0.0,0.0
6598,ABC-KY,257838,301,5771752,22.8,22.8,22.1,22.35,-0.3,22.35,22,22.40,4,0.0,-0.01
6605,帝寶,312548,401,75001437,237.0,242.0,237.0,240.0,2.5,239.50,1,240.00,18,13.47,0.01
6606,建德工業,538987,382,15193286,28.2,28.8,27.65,27.95,-0.1,27.95,15,28.05,5,26.12,-0.0
6625,必應,611204,1210,52704166,87.3,88.1,84.4,84.5,-1.0,84.50,3,84.70,2,11.97,-0.01
6641,基士德-KY,10228,13,422205,41.75,41.75,40.75,40.85,0.15,41.45,1,41.50,1,20.32,0.0
6645,金萬林-創,85001,44,2559529,30.2,30.25,30.0,30.25,0.1,30.00,8,30.25,1,0.0,0.0
6655,科定,197137,824,28634230,144.0,150.0,138.0,149.0,4.0,149.00,3,149.50,1,34.02,0.03
6657,華安,33498,37,1723740,51.5,51.8,51.0,51.7,0.4,51.40,1,51.70,1,0.0,0.01
6658,聯策,1656674,1480,117267797,72.1,72.9,68.0,72.4,0.3,72.40,3,72.50,5,68.95,0.0
6666,羅麗芬-KY,47003,43,2752780,58.6,59.2,58.2,58.9,-1.1,58.60,1,59.40,1,35.7,-0.02
6668,中揚光,275746,279,13548332,49.6,49.7,48.75,49.3,-0.3,49.30,1,49.40,1,0.0,-0.01
6669,緯穎,1140315,5539,2177556685,1910.0,1935.0,1890.0,1890.0,-50.0,"1,890.00",16,"1,895.00",2,21.28,-0.03
6670,復盛應用,169511,268,48446450,288.5,289.0,283.5,284.5,-1.5,284.00,1,284.50,1,13.31,-0.01
6671,三能-KY,15000,13,647650,43.2,43.2,43.15,43.15,-0.05,43.00,2,43.15,1,14.19,-0.0
6672,騰輝電子-KY,109306,210,7665215,70.3,70.7,69.8,70.0,-0.3,69.90,2,70.00,10,11.57,-0.0
6674,鋐寶科技,24050,21,589480,25.45,25.45,24.3,24.5,-0.1,24.35,2,24.65,1,0.0,-0.0
6689,伊雲谷,158785,259,15766342,99.6,100.5,97.8,98.9,-0.4,98.90,11,99.60,1,38.94,-0.0
6691,洋基工程,929035,1409,321621917,339.0,352.0,336.5,346.0,9.0,345.50,10,346.50,1,17.84,0.03
6695,芯鼎,1137794,1212,70155497,62.6,63.1,60.6,61.4,-1.4,61.40,1,61.50,7,0.0,-0.02
6698,旭暉應材,576391,515,21953515,38.85,38.95,37.2,38.15,-0.05,38.00,2,38.15,1,0.0,-0.0
6706,惠特,2760124,1977,349855808,128.0,129.5,124.0,127.0,-1.5,127.00,16,127.50,69,0.0,-0.01
6715,嘉基,56651,219,9188952,164.0,164.5,160.5,162.0,-2.0,161.50,1,162.50,1,26.17,-0.01
6719,力智,394446,434,96879290,245.0,249.0,243.0,246.0,-0.5,245.50,1,246.50,6,98.01,-0.0
6742,澤米,379240,363,20550479,54.8,55.4,53.6,54.3,-0.5,54.20,1,54.30,9,603.33,-0.01
6743,安普新,300577,245,17175635,57.8,57.8,56.3,57.5,0.4,57.40,3,57.50,5,108.49,0.01
6753,龍德造船,1660052,2103,228498694,138.5,140.5,135.0,135.0,-3.0,135.00,2,135.50,5,17.98,-0.02
6754,匯僑設計,281215,339,24330714,88.2,88.2,85.5,86.6,-0.2,86.30,1,86.60,1,13.12,-0.0
6756,威鋒電子,70615,426,12005222,172.0,172.5,168.5,170.0,-2.0,169.50,1,170.00,2,62.5,-0.01
6757,台灣虎航-創,8410919,2819,485400485,63.4,63.4,53.0,53.0,-4.7,53.00,71,53.60,2,9.17,-0.08
6768,志強-KY,661204,525,56905281,88.5,88.8,84.2,84.7,-3.7,84.70,11,84.80,6,16.01,-0.04
6770,力積電,8305472,5615,181372614,22.0,22.05,21.7,21.75,-0.25,21.75,121,21.80,331,0.0,-0.01
6771,平和環保-創,43000,39,2860200,67.0,67.0,66.0,66.6,0.0,66.40,2,66.90,1,15.14,0.0
6776,展碁國際,55153,199,3151407,57.1,57.4,56.9,57.4,0.2,56.90,3,57.40,3,11.96,0.0
6781,AES-KY,101032,312,51076696,507.0,510.0,502.0,506.0,-6.0,505.00,1,507.00,2,23.8,-0.01
6782,視陽,239209,317,54839415,231.0,231.5,228.0,229.5,-1.0,229.50,2,230.00,2,27.82,-0.0
6789,采鈺,833981,1599,246442298,301.0,301.5,291.5,295.0,-6.0,295.00,15,295.50,3,132.88,-0.02
6790,永豐實,124534,176,6051878,48.55,48.85,48.2,48.85,0.05,48.70,4,48.85,4,12.3,0.0
6792,詠業,9507,21,646243,68.0,68.0,67.9,68.0,0.3,67.10,1,68.00,6,21.32,0.0
6794,向榮生技-創,14150,17,1128000,80.0,81.0,78.5,80.4,-1.4,78.10,4,80.50,1,0.0,-0.02
6796,晉弘,82099,79,7268035,87.0,90.0,87.0,88.6,1.9,88.60,1,88.80,2,124.79,0.02
6799,來頡,100519,141,11488965,116.0,116.0,113.0,114.0,-1.0,113.50,2,114.50,2,25.56,-0.01
6805,富世達,2486514,3387,2000654090,803.0,828.0,783.0,792.0,-8.0,791.00,5,792.00,15,63.61,-0.01
6806,森崴能源,11877918,10841,1719815005,143.0,148.0,141.0,141.0,-0.5,140.50,130,141.00,12,41.84,-0.0
6807,峰源-KY,265707,348,21063559,78.8,80.3,77.7,79.4,1.3,78.30,1,79.50,1,13.43,0.02
6830,汎銓,315090,329,41858781,134.0,134.5,131.5,132.0,-1.0,132.00,6,132.50,1,35.2,-0.01
6834,天二科技,357315,292,13746782,39.3,39.3,38.0,38.05,-0.55,38.05,17,38.15,3,1268.33,-0.01
6835,圓裕,475483,387,23678091,47.55,51.3,47.5,50.6,3.1,50.60,3,50.70,6,12.11,0.07
6838,台新藥,574200,374,22571413,39.3,39.7,38.8,39.2,0.0,39.20,37,39.30,2,0.0,0.0
6854,錼創科技-KY創,169616,98,12045244,70.7,73.0,69.8,72.0,1.4,71.50,3,72.00,1,0.0,0.02
6861,睿生光電,94504,77,6478840,68.6,69.5,67.9,69.4,0.8,68.90,1,69.50,2,23.53,0.01
6863,永道-KY,376004,1310,78198543,207.5,210.5,203.0,209.5,2.0,209.50,5,210.00,5,24.53,0.01
6869,雲豹能源,24509695,24162,6208557604,255.0,260.5,245.5,246.0,1.5,246.00,43,246.50,5,43.23,0.01
6873,泓德能源-創,737325,495,197193937,270.0,273.0,262.5,267.0,-1.5,266.00,2,267.00,5,36.08,-0.01
6890,來億-KY,1226813,8138,369616241,313.0,316.0,293.0,294.0,-17.0,294.00,13,295.00,2,46.89,-0.05
6901,鑽石投資,1785065,1520,73304383,40.5,41.8,40.35,41.2,1.0,41.15,22,41.20,7,0.0,0.02
6902,走著瞧-創,4010,5,593465,150.0,150.0,146.0,146.0,0.0,141.50,1,146.50,1,0.0,0.0
6906,現觀科,481718,441,73286773,146.5,155.0,146.0,155.0,14.0,155.00,992,--,0,43.3,0.1
6914,阜爾運通,83837,180,11345253,137.0,138.0,134.0,138.0,0.0,137.00,2,138.50,2,17.92,0.0
6916,華凌,25065,27,616521,24.75,24.75,24.35,24.65,0.05,24.40,1,24.65,4,45.65,0.0
6928,攸泰科技,162917,178,9669608,57.9,61.0,57.5,61.0,3.0,59.90,1,61.00,12,31.28,0.05
6933,AMAX-KY,91771,450,22034881,245.5,245.5,238.0,240.5,-4.5,239.50,1,241.00,1,39.3,-0.02
6937,天虹,904405,2504,241532384,268.0,273.5,263.0,266.0,-4.0,265.50,1,266.00,2,43.25,-0.01
6949,沛爾生醫-創,19000,19,1900200,99.9,100.5,99.6,100.5,0.6,99.50,3,100.50,3,0.0,0.01
6951,青新-創,46350,36,2651590,57.3,57.4,56.8,57.1,0.1,57.00,1,57.10,1,19.55,0.0
6952,大武山,21345,27,1084848,50.9,51.0,50.6,50.9,0.0,50.70,1,50.90,4,23.78,0.0
6957,裕慶-KY,241394,1825,67447368,281.0,284.0,275.0,283.0,0.0,282.50,1,283.00,1,15.78,0.0
6958,日盛台駿,1009656,915,31533965,31.5,31.5,31.0,31.35,-0.2,31.35,8,31.40,10,25.49,-0.01
8011,台通,2904028,2105,78533029,27.2,27.65,26.55,26.9,-0.45,26.85,46,26.90,3,41.38,-0.02
8016,矽創,192006,249,43991325,228.5,230.5,228.0,228.5,0.0,228.00,25,228.50,4,14.11,0.0
8021,尖點,4098793,2720,154323169,37.2,38.35,37.0,37.45,0.35,37.40,6,37.45,9,33.14,0.01
8028,昇陽半導體,30223821,18847,3885374652,125.5,132.0,124.0,132.0,4.5,131.50,96,132.00,733,80.0,0.04
8033,雷虎,1804226,1333,119161063,66.6,67.2,65.0,65.0,-1.2,65.00,60,65.10,5,158.54,-0.02
8039,台虹,1799866,975,93398543,51.8,52.3,51.1,51.7,0.1,51.60,33,51.70,2,15.57,0.0
8046,南電,979611,1410,145246370,147.0,149.5,147.0,147.5,-1.0,147.00,81,147.50,6,50.51,-0.01
8070,長華*,5937063,4264,296201481,49.75,50.5,49.3,50.0,0.3,49.85,7,50.00,257,22.94,0.01
8072,陞泰,70704,118,1922690,27.2,27.3,27.1,27.25,0.15,27.15,10,27.30,3,25.47,0.01
8081,致新,728286,763,164991915,225.5,231.0,223.5,225.5,0.0,225.50,3,226.00,6,12.42,0.0
8101,華冠,652867,321,1240318,1.9,1.9,1.9,1.9,-0.21,--,0,1.90,"4,771",0.0,-0.1
8103,瀚荃,11116719,6127,834259471,70.6,76.4,70.6,75.9,6.4,75.80,2,75.90,25,20.51,0.09
8104,錸寶,15118858,8987,639054482,41.4,44.1,40.1,43.0,2.75,42.95,9,43.00,5,0.0,0.07
8105,凌巨,3342696,1875,61523460,18.5,18.75,18.15,18.35,-0.4,18.35,6,18.40,42,67.96,-0.02
8110,華東,1092255,615,19089558,17.55,17.65,17.3,17.45,-0.15,17.45,19,17.50,33,41.55,-0.01
8112,至上,2834932,2319,209853694,74.1,74.7,73.4,74.4,0.2,74.30,1,74.40,54,14.76,0.0
8112A,至上甲特,15241,14,640922,42.0,42.2,42.0,42.2,0.3,42.10,5,42.30,2,0.0,0.01
8114,振樺電,531300,541,99552489,189.0,190.5,184.0,186.0,-4.5,186.00,2,186.50,4,25.83,-0.02
8131,福懋科,327739,283,11735402,35.7,36.0,35.65,36.0,0.1,35.90,2,36.00,7,22.78,0.0
8150,南茂,2563353,1804,96183769,37.5,37.85,37.25,37.35,-0.15,37.35,59,37.40,23,13.94,-0.0
8162,微矽電子-創,8000,7,284750,35.0,35.85,35.0,35.85,0.35,35.15,1,35.90,3,57.82,0.01
8163,達方,329581,491,17414327,53.0,53.3,52.5,52.5,-0.7,52.50,25,52.60,3,9.15,-0.01
8201,無敵,90003,53,1537501,17.15,17.25,16.95,17.2,0.05,17.10,5,17.20,2,0.0,0.0
8210,勤誠,2615144,17110,772626829,299.0,302.0,292.0,294.5,-8.0,294.50,20,295.00,16,21.83,-0.03
8213,志超,367488,396,13533640,36.9,37.0,36.6,37.0,0.1,36.75,1,37.00,13,10.31,0.0
8215,明基材,216434,235,6305214,29.45,29.45,29.0,29.2,0.0,29.15,1,29.20,7,28.35,0.0
8222,寶一,205785,161,7256556,35.15,35.8,34.75,35.1,-0.05,35.10,7,35.30,4,29.25,-0.0
8249,菱光,367931,474,10878758,29.6,29.95,29.3,29.6,0.0,29.35,1,29.60,3,18.85,0.0
8261,富鼎,134552,281,10302892,76.6,77.4,75.6,76.4,0.0,76.30,3,76.40,1,21.22,0.0
8271,宇瞻,187701,213,10028294,53.7,53.7,53.0,53.6,0.2,53.50,4,53.60,1,13.43,0.0
8341,日友,161017,394,15268781,95.7,95.7,94.3,94.9,-0.7,94.70,1,94.90,2,29.11,-0.01
8367,建新國際,45666,125,2325659,51.0,51.3,50.6,51.2,0.2,51.10,1,51.20,1,14.55,0.0
8374,羅昇,10090864,8134,1444085670,147.5,148.5,139.0,139.5,-10.5,139.00,119,139.50,14,0.0,-0.07
8404,百和興業-KY,170998,122,3067941,18.0,18.05,17.85,18.0,0.0,17.95,1,18.00,6,0.0,0.0
8411,福貞-KY,43511,86,618430,14.25,14.25,14.1,14.25,0.0,14.15,1,14.25,10,61.96,0.0
8422,可寧衛,122843,169,22347238,182.0,182.5,181.0,182.5,1.0,182.00,5,182.50,11,22.31,0.01
8429,金麗-KY,140846,109,1348670,9.57,9.6,9.55,9.6,0.03,9.56,1,9.60,9,0.0,0.0
8438,昶昕,2019830,1878,91625486,43.55,46.8,42.95,45.1,2.1,45.10,1,45.15,1,23.49,0.05
8442,威宏-KY,20010,19,2274630,113.0,114.0,113.0,114.0,0.5,113.50,1,114.50,3,10.73,0.0
8443,阿瘦,222110,873,2571733,11.35,11.75,11.3,11.75,0.3,11.65,1,11.75,1,0.0,0.03
8454,富邦媒,198484,757,78102807,395.5,395.5,390.5,395.0,1.5,394.00,1,395.00,5,26.56,0.0
8462,柏文,32422,64,3816466,115.5,118.5,115.5,118.0,3.0,117.50,1,118.00,2,38.31,0.03
8463,潤泰材,261431,158,7348248,28.35,28.4,28.0,28.2,-0.15,28.00,7,28.20,2,27.65,-0.01
8464,億豐,849010,1609,395636990,479.0,479.0,460.0,460.5,-19.5,460.50,4,463.00,8,21.75,-0.04
8466,美吉吉-KY,197899,191,11966432,60.5,61.0,59.9,60.2,-0.6,60.20,2,60.40,1,0.0,-0.01
8467,波力-KY,373951,796,85249084,229.0,234.0,222.0,225.0,-1.0,225.00,3,226.50,1,23.29,-0.0
8473,山林水,857104,848,36637701,43.6,43.6,42.1,42.7,-0.3,42.70,3,42.75,8,29.65,-0.01
8476,台境,48958,66,2950280,60.7,60.7,60.0,60.4,0.1,60.30,1,60.40,4,16.64,0.0
8478,東哥遊艇,622375,1632,192384149,315.0,315.0,307.0,308.5,-7.5,308.50,1,309.00,2,13.42,-0.02
8481,政伸,7021,10,351890,50.2,50.2,50.0,50.2,0.1,50.10,1,50.20,1,24.37,0.0
8482,商億-KY,10000,10,643100,64.5,64.7,64.0,64.4,0.1,64.00,1,64.50,2,18.94,0.0
8487,愛爾達-創,4001,5,298170,75.2,75.2,74.0,74.0,0.7,73.20,1,74.00,2,16.02,0.01
8488,吉源-KY,6000,6,97100,16.15,16.2,16.15,16.2,0.05,16.15,3,16.20,15,0.0,0.0
8499,鼎炫-KY,11075,13,1310811,118.0,118.5,118.0,118.5,0.0,118.00,4,118.50,1,10.99,0.0
8926,台汽電,1616906,1233,73377182,45.05,45.65,45.0,45.45,0.8,45.35,4,45.45,2,32.93,0.02
8940,新天地,63073,96,1414896,22.65,22.65,22.25,22.45,0.15,22.35,1,22.45,12,49.89,0.01
8996,高力,1529471,1607,542042179,355.5,360.0,350.5,356.0,-3.0,355.00,1,356.00,2,60.14,-0.01
9103,美德醫療-DR,767968,228,5450539,7.12,7.13,7.04,7.05,-0.21,7.04,8,7.05,13,0.0,-0.03
910322,康師傅-DR,24774,43,471566,18.95,19.45,18.95,19.0,0.1,19.00,2,19.20,4,0.0,0.01
9105,泰金寶-DR,47405498,8380,282653465,5.78,6.16,5.75,5.83,0.06,5.82,333,5.83,359,0.0,0.01
910861,神州-DR,11000,10,71980,6.56,6.58,6.51,6.52,0.02,6.47,2,6.53,2,0.0,0.0
9110,越南控-DR,151000,35,1085950,7.19,7.2,7.16,7.16,0.0,7.16,8,7.18,30,0.0,0.0
911608,明輝-DR,129999,52,459166,3.55,3.55,3.5,3.55,-0.01,3.52,2,3.55,9,0.0,-0.0
911622,泰聚亨-DR,41639,27,216566,5.22,5.3,5.18,5.27,-0.07,5.15,1,5.27,1,0.0,-0.01
911868,同方友友-DR,322000,55,480070,1.49,1.51,1.48,1.5,-0.01,1.50,2,1.51,55,0.0,-0.01
912000,晨訊科-DR,2414599,375,7807710,3.17,3.34,3.14,3.29,0.12,3.28,2,3.29,14,0.0,0.04
9136,巨騰-DR,674125,209,4420760,6.61,6.66,6.47,6.59,-0.02,6.59,1,6.60,8,0.0,-0.0
9802,鈺齊-KY,178224,236,20914621,117.5,118.0,116.5,117.5,0.5,117.00,6,117.50,3,20.51,0.0
9902,台火,2493269,1550,53949284,21.5,22.15,20.95,21.55,0.2,21.55,35,21.60,3,29.52,0.01
9904,寶成,9563790,5360,326985596,34.2,34.4,34.0,34.35,0.15,34.30,1,34.35,150,7.13,0.0
9905,大華,113001,89,2601224,23.0,23.1,22.95,23.1,0.1,23.05,1,23.10,3,15.2,0.0
9906,欣巴巴,1979985,3111,405518919,207.5,210.0,200.0,205.5,-3.5,205.50,3,207.00,10,225.82,-0.02
9907,統一實,8678906,3272,140293664,15.7,16.35,15.65,16.25,0.55,16.20,268,16.25,7,36.93,0.04
9908,大台北,259031,262,8009922,30.95,31.0,30.85,31.0,0.05,30.90,11,31.00,35,14.9,0.0
9910,豐泰,542060,627,77181339,143.5,143.5,141.5,143.5,1.0,142.00,4,143.50,71,24.08,0.01
9911,櫻花,238994,471,21468941,89.5,90.3,89.1,90.2,0.3,89.90,1,90.20,4,14.93,0.0
9912,偉聯,105730,153,1357871,12.95,13.1,12.7,13.0,0.05,12.75,7,13.00,18,0.0,0.0
9914,美利達,1920828,6553,466075885,244.0,247.5,238.0,238.5,-3.5,238.00,26,238.50,15,46.76,-0.01
9917,中保科,185480,309,27066819,146.5,147.0,145.0,145.5,-1.5,145.00,14,146.00,5,23.47,-0.01
9918,欣天然,34010,45,1408319,42.0,42.0,40.85,41.5,0.5,41.15,1,41.50,2,18.2,0.01
9919,康那香,399866,258,8080024,20.25,20.45,20.05,20.2,-0.1,20.15,4,20.20,9,4.91,-0.0
9921,巨大,1410289,2728,343800160,245.0,245.0,240.5,244.0,2.0,243.50,1,244.00,29,31.32,0.01
9924,福興,191219,181,10419533,54.3,55.1,54.1,54.5,0.5,54.30,3,54.50,2,9.3,0.01
9925,新保,673576,446,27941316,41.4,41.8,41.0,41.8,0.65,41.55,9,41.80,23,17.64,0.02
9926,新海,27102,27,1474247,55.6,55.6,53.6,54.4,0.2,53.90,1,54.80,1,20.61,0.0
9927,泰銘,239923,217,18096662,75.2,75.8,74.9,75.6,0.6,75.50,1,75.60,13,11.05,0.01
9928,中視,88210,66,1733057,19.75,19.9,19.4,19.65,-0.1,19.65,4,19.70,2,44.66,-0.01
9929,秋雨,13200,13,216780,16.6,16.6,16.1,16.5,0.45,16.15,1,16.50,1,0.0,0.03
9930,中聯資源,146422,187,9628711,66.3,66.3,65.1,66.2,1.0,66.00,1,66.20,5,16.23,0.02
9931,欣高,41411,67,1440305,35.1,35.1,34.5,35.1,0.6,35.10,1,35.20,1,16.56,0.02
9933,中鼎,2034918,2087,99777548,49.75,49.75,48.8,48.8,-0.95,48.80,29,48.85,23,18.7,-0.02
9934,成霖,1062892,603,20101864,18.95,19.2,18.75,18.95,0.0,18.90,1,18.95,19,10.47,0.0
9935,慶豐富,3727876,2286,118808217,32.4,33.0,31.35,31.5,0.45,31.50,23,31.55,5,18.31,0.01
9937,全國,38016,32,2494949,65.0,65.8,65.0,65.8,0.6,65.60,1,65.80,5,25.8,0.01
9938,百和,2757407,3202,167583222,62.4,62.5,60.0,60.0,-2.3,60.00,17,60.20,1,16.95,-0.04
9939,宏全,1484826,1321,239958459,162.5,165.0,159.5,161.0,-0.5,160.50,19,161.00,3,16.23,-0.0
9940,信義,809940,692,27002355,32.65,33.8,32.65,33.45,0.6,33.30,1,33.45,40,13.07,0.02
9941,裕融,719223,939,107852528,151.5,151.5,149.0,150.5,-1.0,150.00,6,150.50,41,18.11,-0.01
9941A,裕融甲特,1990,10,102124,51.5,51.5,51.5,51.5,0.0,51.40,4,51.50,61,0.0,0.0
9942,茂順,89980,149,10031612,111.5,112.5,111.0,112.5,1.5,112.00,1,112.50,28,11.09,0.01
9943,好樂迪,69152,88,5619193,81.1,81.4,81.1,81.4,0.2,81.30,6,81.40,5,14.88,0.0
9944,新麗,327566,317,6734826,20.6,20.75,20.15,20.55,-0.2,20.50,2,20.55,3,60.44,-0.01
9945,潤泰新,12946077,7345,621073731,48.25,48.7,47.4,47.75,-0.85,47.75,161,47.80,13,9.83,-0.02
9946,三發地產,867209,621,34523878,40.5,40.5,39.4,39.6,-0.9,39.55,5,39.60,1,53.51,-0.02
9955,佳龍,24816765,12467,983152085,37.95,40.95,37.8,38.75,1.5,38.70,40,38.75,2,0.0,0.04
9958,世紀鋼,6727788,7995,1424948181,211.5,216.5,208.0,209.0,-3.0,209.00,8,209.50,44,27.11,-0.01
